external_object	compiler_owner	compiler_class	area	bytes	address	match
Lbanked.banked_code_read$address$1_0$8	banked_code_read	PARAM_CALLER_WRITTEN	XSEG	2	0x1a	yes
Lbanked.banked_code_read$length$1_0$8	banked_code_read	PARAM_CALLER_WRITTEN	XSEG	1	0x1c	yes
Lbanked.banked_code_read$destination$1_0$8	banked_code_read	PARAM_CALLER_WRITTEN	XSEG	2	0x1d	yes
Lbanked.banked_code_read$bank$1_0$8	banked_code_read	FIRST_ARGUMENT_HOME	XSEG	1	0x1f	yes
Lbanked.banked_code_read$saved$1_0$9	banked_code_read	LOCAL	XSEG	1	0x20	yes
G$banked_reserved_end$0_0$0	-	GLOBAL	XSEG	1	0x21	yes
Fmac_link_workspace$ownership$0_0$0	-	FILE_STATIC	XSEG	31	0x22	yes
G$link_work_arena$0_0$0	-	GLOBAL	XSEG	617	0x41	yes
Lmac_link_workspace.tx_frame$f$1_0$151	tx_frame	FIRST_ARGUMENT_HOME	XSEG	1	0x2aa	yes
Lmac_link_workspace.held$frame$1_0$155	held	FIRST_ARGUMENT_HOME	XSEG	1	0x2ab	yes
Lmac_link_workspace.held$p$1_0$156	held	LOCAL	XSEG	1	0x2ac	yes
Lmac_link_workspace.link_work_enter$frame$1_0$158	link_work_enter	FIRST_ARGUMENT_HOME	XSEG	1	0x2ad	yes
Lmac_link_workspace.link_work_enter$p$1_0$159	link_work_enter	LOCAL	XSEG	1	0x2ae	yes
Lmac_link_workspace.link_work_leave$frame$1_0$163	link_work_leave	FIRST_ARGUMENT_HOME	XSEG	1	0x2af	yes
Lmac_link_workspace.link_work_return_word$pair$1_0$167	link_work_return_word	FIRST_ARGUMENT_HOME	XSEG	2	0x2b0	yes
Lmac_link_workspace.link_work_finish_group$last$1_0$169	link_work_finish_group	PARAM_CALLER_WRITTEN	XSEG	1	0x2b2	yes
Lmac_link_workspace.link_work_finish_group$result$1_0$169	link_work_finish_group	PARAM_CALLER_WRITTEN	XSEG	1	0x2b3	yes
Lmac_link_workspace.link_work_finish_group$first$1_0$169	link_work_finish_group	FIRST_ARGUMENT_HOME	XSEG	1	0x2b4	yes
Lmac_link_workspace.location$size$1_0$171	location	PARAM_CALLER_WRITTEN	XSEG	2	0x2b5	yes
Lmac_link_workspace.location$address$1_0$171	location	PARAM_CALLER_WRITTEN	XSEG	2	0x2b7	yes
Lmac_link_workspace.location$p$1_0$171	location	FIRST_ARGUMENT_HOME	XSEG	3	0x2b9	yes
Lmac_link_workspace.location$value$1_0$172	location	LOCAL	XSEG	3	0x2bc	yes
Lmac_link_workspace.outside_prefix$address$1_0$174	outside_prefix	FIRST_ARGUMENT_HOME	XSEG	2	0x2bf	yes
Lmac_link_workspace.link_work_external$size$1_0$176	link_work_external	PARAM_CALLER_WRITTEN	XSEG	2	0x2c1	yes
Lmac_link_workspace.link_work_external$p$1_0$176	link_work_external	FIRST_ARGUMENT_HOME	XSEG	3	0x2c3	yes
Lmac_link_workspace.link_work_external$a$1_0$177	link_work_external	LOCAL	XSEG	2	0x2c6	yes
Lmac_link_workspace.link_work_io$p$1_0$178	link_work_io	PARAM_CALLER_WRITTEN	XSEG	3	0x2c8	yes
Lmac_link_workspace.link_work_io$size$1_0$178	link_work_io	PARAM_CALLER_WRITTEN	XSEG	2	0x2cb	yes
Lmac_link_workspace.link_work_io$writing$1_0$178	link_work_io	PARAM_CALLER_WRITTEN	XSEG	1	0x2cd	yes
Lmac_link_workspace.link_work_io$operation$1_0$178	link_work_io	FIRST_ARGUMENT_HOME	XSEG	1	0x2ce	yes
Lmac_link_workspace.link_work_io$a$1_0$179	link_work_io	LOCAL	XSEG	2	0x2cf	yes
Lmac_link_workspace.link_work_io$base$1_0$179	link_work_io	LOCAL	XSEG	2	0x2d1	yes
Lmac_link_workspace.link_work_io$offset$1_0$179	link_work_io	LOCAL	XSEG	2	0x2d3	yes
Lmac_link_workspace.link_work_grant$permission$1_0$183	link_work_grant	FIRST_ARGUMENT_HOME	XSEG	1	0x2d5	yes
Lmac_link_workspace.link_work_call_result$result$1_0$185	link_work_call_result	FIRST_ARGUMENT_HOME	XSEG	1	0x2d6	yes
Lmac_link_workspace.link_work_counter_request$data$1_0$187	link_work_counter_request	PARAM_CALLER_WRITTEN	XSEG	3	0x2d7	yes
Lmac_link_workspace.link_work_counter_request$size$1_0$187	link_work_counter_request	PARAM_CALLER_WRITTEN	XSEG	2	0x2da	yes
Lmac_link_workspace.link_work_counter_request$length$1_0$187	link_work_counter_request	PARAM_CALLER_WRITTEN	XSEG	3	0x2dc	yes
Lmac_link_workspace.link_work_counter_request$operation$1_0$187	link_work_counter_request	FIRST_ARGUMENT_HOME	XSEG	1	0x2df	yes
Lmac_link_workspace.link_work_counter_object$size$1_0$189	link_work_counter_object	PARAM_CALLER_WRITTEN	XSEG	1	0x2e0	yes
Lmac_link_workspace.link_work_counter_object$p$1_0$189	link_work_counter_object	FIRST_ARGUMENT_HOME	XSEG	3	0x2e1	yes
Fmac_link_child_workspace$owner$0_0$0	-	FILE_STATIC	XSEG	31	0x2e4	yes
G$child_work_arena$0_0$0	-	GLOBAL	XSEG	543	0x303	yes
Lmac_link_child_workspace.edge$child$1_0$74	edge	PARAM_CALLER_WRITTEN	XSEG	1	0x522	yes
Lmac_link_child_workspace.edge$parent$1_0$74	edge	FIRST_ARGUMENT_HOME	XSEG	1	0x523	yes
Lmac_link_child_workspace.child_work_leaf$frame$1_0$81	child_work_leaf	FIRST_ARGUMENT_HOME	XSEG	1	0x524	yes
Lmac_link_child_workspace.child_work_grant$frame$1_0$83	child_work_grant	FIRST_ARGUMENT_HOME	XSEG	1	0x525	yes
Lmac_link_child_workspace.child_work_enter$frame$1_0$85	child_work_enter	FIRST_ARGUMENT_HOME	XSEG	1	0x526	yes
Lmac_link_child_workspace.child_work_enter$p$1_0$86	child_work_enter	LOCAL	XSEG	1	0x527	yes
Lmac_link_child_workspace.child_work_end$result$1_0$89	child_work_end	PARAM_CALLER_WRITTEN	XSEG	1	0x528	yes
Lmac_link_child_workspace.child_work_end$frame$1_0$89	child_work_end	FIRST_ARGUMENT_HOME	XSEG	1	0x529	yes
Lmac_link_child_workspace.child_work_return$pair$1_0$91	child_work_return	FIRST_ARGUMENT_HOME	XSEG	2	0x52a	yes
Lmac_link_child_workspace.child_work_poison$cause$1_0$95	child_work_poison	FIRST_ARGUMENT_HOME	XSEG	1	0x52c	yes
Lmac_link_child_workspace.child_work_address$address$1_0$98	child_work_address	PARAM_CALLER_WRITTEN	XSEG	2	0x52d	yes
Lmac_link_child_workspace.child_work_address$size$1_0$98	child_work_address	PARAM_CALLER_WRITTEN	XSEG	2	0x52f	yes
Lmac_link_child_workspace.child_work_address$writing$1_0$98	child_work_address	PARAM_CALLER_WRITTEN	XSEG	1	0x531	yes
Lmac_link_child_workspace.child_work_address$op$1_0$98	child_work_address	FIRST_ARGUMENT_HOME	XSEG	1	0x532	yes
Lmac_link_child_workspace.child_work_inside$size$1_0$102	child_work_inside	PARAM_CALLER_WRITTEN	XSEG	2	0x533	yes
Lmac_link_child_workspace.child_work_inside$p$1_0$102	child_work_inside	FIRST_ARGUMENT_HOME	XSEG	3	0x535	yes
Lmac_link_child_workspace.child_work_inside$value$1_0$103	child_work_inside	LOCAL	XSEG	3	0x538	yes
Lmac_link_child_workspace.child_work_disjoint$an$1_0$104	child_work_disjoint	PARAM_CALLER_WRITTEN	XSEG	2	0x53b	yes
Lmac_link_child_workspace.child_work_disjoint$b$1_0$104	child_work_disjoint	PARAM_CALLER_WRITTEN	XSEG	3	0x53d	yes
Lmac_link_child_workspace.child_work_disjoint$bn$1_0$104	child_work_disjoint	PARAM_CALLER_WRITTEN	XSEG	2	0x540	yes
Lmac_link_child_workspace.child_work_disjoint$a$1_0$104	child_work_disjoint	FIRST_ARGUMENT_HOME	XSEG	3	0x542	yes
Lmac_link_child_workspace.child_work_disjoint$left$1_1$106	child_work_disjoint	LOCAL	XSEG	3	0x545	yes
Lmac_link_child_workspace.child_work_disjoint$right$1_1$106	child_work_disjoint	LOCAL	XSEG	3	0x548	yes
G$child_work_reserved_end$0_0$0	-	GLOBAL	XSEG	1	0x54b	yes
G$flash_exec_work$0_0$0	-	GLOBAL	XSEG	9	0x54c	yes
G$flash_exec_ram$0_0$0	-	GLOBAL	XSEG	123	0x555	yes
Fflash_exec$mapping$0_0$0	-	FILE_STATIC	XSEG	1	0x5d0	yes
Fflash_exec$clock_command$0_0$0	-	FILE_STATIC	XSEG	1	0x5d1	yes
Fflash_exec$cache_mode$0_0$0	-	FILE_STATIC	XSEG	1	0x5d2	yes
Lflash_exec.idle$expected_mapping$1_0$54	idle	FIRST_ARGUMENT_HOME	XSEG	1	0x5d3	yes
Lflash_exec.idle$ien0$1_0$55	idle	LOCAL	XSEG	1	0x5d4	yes
Lflash_exec.idle$ien1$1_0$55	idle	LOCAL	XSEG	1	0x5d5	yes
Lflash_exec.idle$ien2$1_0$55	idle	LOCAL	XSEG	1	0x5d6	yes
Lflash_exec.idle$arm$1_0$55	idle	LOCAL	XSEG	1	0x5d7	yes
Lflash_exec.idle$request$1_0$55	idle	LOCAL	XSEG	1	0x5d8	yes
Lflash_exec.idle$sleep$1_0$55	idle	LOCAL	XSEG	1	0x5d9	yes
Lflash_exec.idle$command$1_0$55	idle	LOCAL	XSEG	1	0x5da	yes
Lflash_exec.idle$status$1_0$55	idle	LOCAL	XSEG	1	0x5db	yes
Lflash_exec.idle$bank$1_0$55	idle	LOCAL	XSEG	1	0x5dc	yes
Lflash_exec.flash_exec_command$page$1_0$56	flash_exec_command	PARAM_CALLER_WRITTEN	XSEG	1	0x5dd	yes
Lflash_exec.flash_exec_command$offset$1_0$56	flash_exec_command	PARAM_CALLER_WRITTEN	XSEG	2	0x5de	yes
Lflash_exec.flash_exec_command$word$1_0$56	flash_exec_command	PARAM_CALLER_WRITTEN	XSEG	2	0x5e0	yes
Lflash_exec.flash_exec_command$poll_limit$1_0$56	flash_exec_command	PARAM_CALLER_WRITTEN	XSEG	2	0x5e2	yes
Lflash_exec.flash_exec_command$operation$1_0$56	flash_exec_command	FIRST_ARGUMENT_HOME	XSEG	1	0x5e4	yes
Lflash_exec.flash_exec_command$result$1_0$57	flash_exec_command	LOCAL	XSEG	1	0x5e5	yes
G$flash_exec_reserved_end$0_0$0	-	GLOBAL	XSEG	1	0x5e6	yes
Ltimebase.timebase_read_awake_ticks24$low$1_0$17	timebase_read_awake_ticks24	LOCAL	XSEG	1	0x5e7	yes
Ltimebase.timebase_read_awake_ticks24$middle$1_0$17	timebase_read_awake_ticks24	LOCAL	XSEG	1	0x5e8	yes
Ltimebase.timebase_read_awake_ticks24$high$1_0$17	timebase_read_awake_ticks24	LOCAL	XSEG	1	0x5e9	yes
Ltimebase.timebase_deadline_after$delay$1_0$18	timebase_deadline_after	PARAM_CALLER_WRITTEN	XSEG	4	0x5ea	yes
Ltimebase.timebase_deadline_after$deadline$1_0$18	timebase_deadline_after	PARAM_CALLER_WRITTEN	XSEG	3	0x5ee	yes
Ltimebase.timebase_deadline_after$now$1_0$18	timebase_deadline_after	FIRST_ARGUMENT_HOME	XSEG	4	0x5f1	yes
Ltimebase.timebase_expired$deadline$1_0$20	timebase_expired	PARAM_CALLER_WRITTEN	XSEG	4	0x5f5	yes
Ltimebase.timebase_expired$expired$1_0$20	timebase_expired	PARAM_CALLER_WRITTEN	XSEG	3	0x5f9	yes
Ltimebase.timebase_expired$now$1_0$20	timebase_expired	FIRST_ARGUMENT_HOME	XSEG	4	0x5fc	yes
Fclock$output$0_0$0	-	FILE_STATIC	XSEG	3	0x600	yes
Fclock$observed$0_0$0	-	FILE_STATIC	XSEG	5	0x603	yes
Fclock$count$0_0$0	-	FILE_STATIC	XSEG	7	0x608	yes
Fclock$rollback$0_0$0	-	FILE_STATIC	XSEG	1	0x60f	yes
Fclock$work$0_0$0	-	FILE_STATIC	XSEG	20	0x610	yes
Lclock.effective_status$command$1_0$5	effective_status	FIRST_ARGUMENT_HOME	XSEG	1	0x624	yes
Lclock.request_and_wait$timeout_ticks$1_0$21	request_and_wait	PARAM_CALLER_WRITTEN	XSEG	4	0x625	yes
Lclock.request_and_wait$poll_limit$1_0$21	request_and_wait	PARAM_CALLER_WRITTEN	XSEG	2	0x629	yes
Lclock.request_and_wait$command$1_0$21	request_and_wait	FIRST_ARGUMENT_HOME	XSEG	1	0x62b	yes
Lclock.clock_select_init$timeout_ticks$1_0$25	clock_select_init	PARAM_CALLER_WRITTEN	XSEG	4	0x62c	yes
Lclock.clock_select_init$poll_limit$1_0$25	clock_select_init	PARAM_CALLER_WRITTEN	XSEG	2	0x630	yes
Lclock.clock_select_init$diagnostics$1_0$25	clock_select_init	PARAM_CALLER_WRITTEN	XSEG	3	0x632	yes
Lclock.clock_select_init$source$1_0$25	clock_select_init	FIRST_ARGUMENT_HOME	XSEG	1	0x635	yes
G$flash_fault$0_0$0	-	GLOBAL	XSEG	1	0x636	yes
Fflash$saved_bank$0_0$0	-	FILE_STATIC	XSEG	1	0x637	yes
Fflash$saved_clock$0_0$0	-	FILE_STATIC	XSEG	1	0x638	yes
Fflash$saved_cache$0_0$0	-	FILE_STATIC	XSEG	1	0x639	yes
Lflash.observe$bank$1_0$49	observe	FIRST_ARGUMENT_HOME	XSEG	1	0x63a	yes
Lflash.observe$ien0$1_0$50	observe	LOCAL	XSEG	1	0x63b	yes
Lflash.observe$ien1$1_0$50	observe	LOCAL	XSEG	1	0x63c	yes
Lflash.observe$ien2$1_0$50	observe	LOCAL	XSEG	1	0x63d	yes
Lflash.observe$sleep$1_0$50	observe	LOCAL	XSEG	1	0x63e	yes
Lflash.observe$command$1_0$50	observe	LOCAL	XSEG	1	0x63f	yes
Lflash.observe$status$1_0$50	observe	LOCAL	XSEG	1	0x640	yes
Lflash.observe$arm$1_0$50	observe	LOCAL	XSEG	1	0x641	yes
Lflash.observe$request$1_0$50	observe	LOCAL	XSEG	1	0x642	yes
Lflash.observe$mapping$1_0$50	observe	LOCAL	XSEG	1	0x643	yes
Lflash.flash_nv_read$offset$1_0$51	flash_nv_read	PARAM_CALLER_WRITTEN	XSEG	2	0x644	yes
Lflash.flash_nv_read$output$1_0$51	flash_nv_read	PARAM_CALLER_WRITTEN	XSEG	2	0x646	yes
Lflash.flash_nv_read$length$1_0$51	flash_nv_read	PARAM_CALLER_WRITTEN	XSEG	1	0x648	yes
Lflash.flash_nv_read$page$1_0$51	flash_nv_read	FIRST_ARGUMENT_HOME	XSEG	1	0x649	yes
Lflash.flash_nv_read$result$1_0$52	flash_nv_read	LOCAL	XSEG	1	0x64a	yes
G$flash_reserved_end$0_0$0	-	GLOBAL	XSEG	1	0x64b	yes
G$flash_write_status$0_0$0	-	GLOBAL	XSEG	8	0x64c	yes
G$flash_write_known$0_0$0	-	GLOBAL	XSEG	1	0x654	yes
G$flash_write_used$0_0$0	-	GLOBAL	XSEG	128	0x655	yes
Lflash_write.operate$page$1_0$50	operate	PARAM_CALLER_WRITTEN	XSEG	1	0x6d5	yes
Lflash_write.operate$offset$1_0$50	operate	PARAM_CALLER_WRITTEN	XSEG	2	0x6d6	yes
Lflash_write.operate$word$1_0$50	operate	PARAM_CALLER_WRITTEN	XSEG	2	0x6d8	yes
Lflash_write.operate$poll_limit$1_0$50	operate	PARAM_CALLER_WRITTEN	XSEG	2	0x6da	yes
Lflash_write.operate$operation$1_0$50	operate	FIRST_ARGUMENT_HOME	XSEG	1	0x6dc	yes
Lflash_write.operate$position$1_0$51	operate	LOCAL	XSEG	2	0x6dd	yes
Lflash_write.operate$page_mask$1_0$51	operate	LOCAL	XSEG	1	0x6df	yes
Lflash_write.operate$index$1_0$51	operate	LOCAL	XSEG	1	0x6e0	yes
Lflash_write.operate$mask$1_0$51	operate	LOCAL	XSEG	1	0x6e1	yes
Lflash_write.operate$length$1_0$51	operate	LOCAL	XSEG	1	0x6e2	yes
Lflash_write.operate$result$1_0$51	operate	LOCAL	XSEG	1	0x6e3	yes
Lflash_write.flash_nv_erase$poll_limit$1_0$67	flash_nv_erase	PARAM_CALLER_WRITTEN	XSEG	2	0x6e4	yes
Lflash_write.flash_nv_erase$page$1_0$67	flash_nv_erase	FIRST_ARGUMENT_HOME	XSEG	1	0x6e6	yes
Lflash_write.flash_nv_program$offset$1_0$69	flash_nv_program	PARAM_CALLER_WRITTEN	XSEG	2	0x6e7	yes
Lflash_write.flash_nv_program$word$1_0$69	flash_nv_program	PARAM_CALLER_WRITTEN	XSEG	2	0x6e9	yes
Lflash_write.flash_nv_program$poll_limit$1_0$69	flash_nv_program	PARAM_CALLER_WRITTEN	XSEG	2	0x6eb	yes
Lflash_write.flash_nv_program$page$1_0$69	flash_nv_program	FIRST_ARGUMENT_HOME	XSEG	1	0x6ed	yes
G$flash_write_reserved_end$0_0$0	-	GLOBAL	XSEG	1	0x6ee	yes
G$nv_record_fault$0_0$0	-	GLOBAL	XSEG	1	0x6ef	yes
G$nv_record_diagnostic$0_0$0	-	GLOBAL	XSEG	15	0x6f0	yes
Lnv_record.caller$size$1_0$49	caller	PARAM_CALLER_WRITTEN	XSEG	1	0x6ff	yes
Lnv_record.caller$object$1_0$49	caller	FIRST_ARGUMENT_HOME	XSEG	2	0x700	yes
Lnv_record.finish$result$1_0$52	finish	FIRST_ARGUMENT_HOME	XSEG	1	0x702	yes
Lnv_record.fault$result$1_0$54	fault	FIRST_ARGUMENT_HOME	XSEG	1	0x703	yes
Lnv_record.crc_byte$value$1_0$59	crc_byte	FIRST_ARGUMENT_HOME	XSEG	1	0x704	yes
Lnv_record.decode$bytes$1_0$61	decode	FIRST_ARGUMENT_HOME	XSEG	2	0x705	yes
Lnv_record.encode$value$1_0$63	encode	PARAM_CALLER_WRITTEN	XSEG	4	0x707	yes
Lnv_record.encode$bytes$1_0$63	encode	FIRST_ARGUMENT_HOME	XSEG	2	0x70b	yes
Lnv_record.scan_page$capture$1_0$67	scan_page	PARAM_CALLER_WRITTEN	XSEG	1	0x70d	yes
Lnv_record.scan_page$page$1_0$67	scan_page	FIRST_ARGUMENT_HOME	XSEG	1	0x70e	yes
Lnv_record.scan_page$offset$1_0$68	scan_page	LOCAL	XSEG	2	0x70f	yes
Lnv_record.scan_page$position$1_0$68	scan_page	LOCAL	XSEG	2	0x711	yes
Lnv_record.scan_page$value$1_0$68	scan_page	LOCAL	XSEG	1	0x713	yes
Lnv_record.scan_page$erased$1_0$68	scan_page	LOCAL	XSEG	1	0x714	yes
Lnv_record.scan_page$padding$1_0$68	scan_page	LOCAL	XSEG	1	0x715	yes
Lnv_record.scan_page$state$1_0$68	scan_page	LOCAL	XSEG	1	0x716	yes
Lnv_record.select_record$selected$1_0$79	select_record	LOCAL	XSEG	1	0x717	yes
Lnv_record.select_record$valid$1_0$79	select_record	LOCAL	XSEG	1	0x718	yes
Lnv_record.nv_record_load$capacity$1_0$84	nv_record_load	PARAM_CALLER_WRITTEN	XSEG	1	0x719	yes
Lnv_record.nv_record_load$output$1_0$84	nv_record_load	FIRST_ARGUMENT_HOME	XSEG	2	0x71a	yes
Lnv_record.program$offset$1_0$87	program	PARAM_CALLER_WRITTEN	XSEG	2	0x71c	yes
Lnv_record.program$limit$1_0$87	program	PARAM_CALLER_WRITTEN	XSEG	2	0x71e	yes
Lnv_record.program$page$1_0$87	program	FIRST_ARGUMENT_HOME	XSEG	1	0x720	yes
Lnv_record.nv_record_replace$length$1_0$89	nv_record_replace	PARAM_CALLER_WRITTEN	XSEG	1	0x721	yes
Lnv_record.nv_record_replace$poll_limit$1_0$89	nv_record_replace	PARAM_CALLER_WRITTEN	XSEG	2	0x722	yes
Lnv_record.nv_record_replace$allow_recovery$1_0$89	nv_record_replace	PARAM_CALLER_WRITTEN	XSEG	1	0x724	yes
Lnv_record.nv_record_replace$data$1_0$89	nv_record_replace	FIRST_ARGUMENT_HOME	XSEG	2	0x725	yes
Lnv_record.nv_record_replace$position$1_0$90	nv_record_replace	LOCAL	XSEG	2	0x727	yes
Lnv_record.nv_record_replace$page$1_0$90	nv_record_replace	LOCAL	XSEG	1	0x729	yes
G$nv_record_reserved_end$0_0$0	-	GLOBAL	XSEG	1	0x72a	yes
G$security_counter_diagnostic$0_0$0	-	GLOBAL	XSEG	24	0x72b	yes
G$security_counter_blob$0_0$0	-	GLOBAL	XSEG	128	0x743	yes
Lsecurity_counter.caller$size$1_0$56	caller	PARAM_CALLER_WRITTEN	XSEG	1	0x7c3	yes
Lsecurity_counter.caller$object$1_0$56	caller	FIRST_ARGUMENT_HOME	XSEG	2	0x7c4	yes
Lsecurity_counter.decode$p$1_0$59	decode	FIRST_ARGUMENT_HOME	XSEG	2	0x7c6	yes
Lsecurity_counter.encode$value$1_0$61	encode	PARAM_CALLER_WRITTEN	XSEG	4	0x7c8	yes
Lsecurity_counter.encode$p$1_0$61	encode	FIRST_ARGUMENT_HOME	XSEG	2	0x7cc	yes
Lsecurity_counter.finish$result$1_0$65	finish	FIRST_ARGUMENT_HOME	XSEG	1	0x7ce	yes
Lsecurity_counter.fail$result$1_0$67	fail	FIRST_ARGUMENT_HOME	XSEG	1	0x7cf	yes
Lsecurity_counter.commit$poll_limit$1_0$77	commit	FIRST_ARGUMENT_HOME	XSEG	2	0x7d0	yes
Lsecurity_counter.payload$length$1_0$79	payload	PARAM_CALLER_WRITTEN	XSEG	1	0x7d2	yes
Lsecurity_counter.payload$data$1_0$79	payload	FIRST_ARGUMENT_HOME	XSEG	2	0x7d3	yes
Lsecurity_counter.stage$length$1_0$85	stage	PARAM_CALLER_WRITTEN	XSEG	1	0x7d5	yes
Lsecurity_counter.stage$poll_limit$1_0$85	stage	PARAM_CALLER_WRITTEN	XSEG	2	0x7d6	yes
Lsecurity_counter.stage$data$1_0$85	stage	FIRST_ARGUMENT_HOME	XSEG	2	0x7d8	yes
Lsecurity_counter.security_counter_create$aps_floor$1_0$87	security_counter_create	PARAM_CALLER_WRITTEN	XSEG	4	0x7da	yes
Lsecurity_counter.security_counter_create$data$1_0$87	security_counter_create	PARAM_CALLER_WRITTEN	XSEG	2	0x7de	yes
Lsecurity_counter.security_counter_create$length$1_0$87	security_counter_create	PARAM_CALLER_WRITTEN	XSEG	1	0x7e0	yes
Lsecurity_counter.security_counter_create$poll_limit$1_0$87	security_counter_create	PARAM_CALLER_WRITTEN	XSEG	2	0x7e1	yes
Lsecurity_counter.security_counter_create$nwk_floor$1_0$87	security_counter_create	FIRST_ARGUMENT_HOME	XSEG	4	0x7e3	yes
Lsecurity_counter.security_counter_restage$length$1_0$89	security_counter_restage	PARAM_CALLER_WRITTEN	XSEG	1	0x7e7	yes
Lsecurity_counter.security_counter_restage$data$1_0$89	security_counter_restage	FIRST_ARGUMENT_HOME	XSEG	2	0x7e8	yes
Lsecurity_counter.security_counter_take$value$1_0$91	security_counter_take	PARAM_CALLER_WRITTEN	XSEG	2	0x7ea	yes
Lsecurity_counter.security_counter_take$poll_limit$1_0$91	security_counter_take	PARAM_CALLER_WRITTEN	XSEG	2	0x7ec	yes
Lsecurity_counter.security_counter_take$domain$1_0$91	security_counter_take	FIRST_ARGUMENT_HOME	XSEG	1	0x7ee	yes
Lsecurity_counter.security_counter_take$end$1_0$92	security_counter_take	LOCAL	XSEG	4	0x7ef	yes
Lsecurity_counter.security_counter_save$length$1_0$94	security_counter_save	PARAM_CALLER_WRITTEN	XSEG	1	0x7f3	yes
Lsecurity_counter.security_counter_save$poll_limit$1_0$94	security_counter_save	PARAM_CALLER_WRITTEN	XSEG	2	0x7f4	yes
Lsecurity_counter.security_counter_save$data$1_0$94	security_counter_save	FIRST_ARGUMENT_HOME	XSEG	2	0x7f6	yes
Lsecurity_counter.security_counter_read$capacity$1_0$97	security_counter_read	PARAM_CALLER_WRITTEN	XSEG	1	0x7f8	yes
Lsecurity_counter.security_counter_read$length$1_0$97	security_counter_read	PARAM_CALLER_WRITTEN	XSEG	2	0x7f9	yes
Lsecurity_counter.security_counter_read$data$1_0$97	security_counter_read	FIRST_ARGUMENT_HOME	XSEG	2	0x7fb	yes
G$security_counter_reserved_end$0_0$0	-	GLOBAL	XSEG	1	0x7fd	yes
G$aes_dma0$0_0$0	-	GLOBAL	XSEG	8	0x7fe	yes
G$aes_dma1$0_0$0	-	GLOBAL	XSEG	32	0x806	yes
G$aes_key$0_0$0	-	GLOBAL	XSEG	16	0x826	yes
G$aes_iv$0_0$0	-	GLOBAL	XSEG	16	0x836	yes
G$aes_input$0_0$0	-	GLOBAL	XSEG	16	0x846	yes
G$aes_output$0_0$0	-	GLOBAL	XSEG	16	0x856	yes
G$aes_fault$0_0$0	-	GLOBAL	XSEG	1	0x866	yes
G$aes_used$0_0$0	-	GLOBAL	XSEG	1	0x867	yes
Faes$w$0_0$0	-	FILE_STATIC	XSEG	22	0x868	yes
Laes.pointer_location$p$1_0$52	pointer_location	FIRST_ARGUMENT_HOME	XSEG	3	0x87e	yes
Laes.pointer_location$value$1_0$53	pointer_location	LOCAL	XSEG	3	0x881	yes
Laes.overlaps$an$1_0$54	overlaps	PARAM_CALLER_WRITTEN	XSEG	1	0x884	yes
Laes.overlaps$b$1_0$54	overlaps	PARAM_CALLER_WRITTEN	XSEG	2	0x885	yes
Laes.overlaps$bn$1_0$54	overlaps	PARAM_CALLER_WRITTEN	XSEG	1	0x887	yes
Laes.overlaps$a$1_0$54	overlaps	FIRST_ARGUMENT_HOME	XSEG	2	0x888	yes
Laes.owned$count$1_0$56	owned	PARAM_CALLER_WRITTEN	XSEG	1	0x88a	yes
Laes.owned$address$1_0$56	owned	FIRST_ARGUMENT_HOME	XSEG	2	0x88b	yes
Laes.ordinary$count$1_0$58	ordinary	PARAM_CALLER_WRITTEN	XSEG	1	0x88d	yes
Laes.ordinary$address$1_0$58	ordinary	FIRST_ARGUMENT_HOME	XSEG	2	0x88e	yes
Laes.source_range$location$1_0$60	source_range	FIRST_ARGUMENT_HOME	XSEG	4	0x890	yes
Laes.observe$d$1_0$66	observe	FIRST_ARGUMENT_HOME	XSEG	2	0x894	yes
Laes.observe$ien0$1_0$67	observe	LOCAL	XSEG	1	0x896	yes
Laes.observe$ien1$1_0$67	observe	LOCAL	XSEG	1	0x897	yes
Laes.observe$ien2$1_0$67	observe	LOCAL	XSEG	1	0x898	yes
Laes.observe$sleep$1_0$67	observe	LOCAL	XSEG	1	0x899	yes
Laes.observe$command$1_0$67	observe	LOCAL	XSEG	1	0x89a	yes
Laes.observe$status$1_0$67	observe	LOCAL	XSEG	1	0x89b	yes
Laes.sample$final$1_0$68	sample	PARAM_CALLER_WRITTEN	XSEG	1	0x89c	yes
Laes.sample$d$1_0$68	sample	FIRST_ARGUMENT_HOME	XSEG	2	0x89d	yes
Laes.sample$now$1_0$69	sample	LOCAL	XSEG	4	0x89f	yes
Laes.sample$expired$1_0$69	sample	LOCAL	XSEG	1	0x8a3	yes
Laes.input_descriptor$source$1_0$71	input_descriptor	FIRST_ARGUMENT_HOME	XSEG	2	0x8a4	yes
Laes.aes128_encrypt_block$input$1_0$73	aes128_encrypt_block	PARAM_CALLER_WRITTEN	XSEG	3	0x8a6	yes
Laes.aes128_encrypt_block$output$1_0$73	aes128_encrypt_block	PARAM_CALLER_WRITTEN	XSEG	2	0x8a9	yes
Laes.aes128_encrypt_block$timeout$1_0$73	aes128_encrypt_block	PARAM_CALLER_WRITTEN	XSEG	4	0x8ab	yes
Laes.aes128_encrypt_block$limit$1_0$73	aes128_encrypt_block	PARAM_CALLER_WRITTEN	XSEG	2	0x8af	yes
Laes.aes128_encrypt_block$d$1_0$73	aes128_encrypt_block	PARAM_CALLER_WRITTEN	XSEG	2	0x8b1	yes
Laes.aes128_encrypt_block$key$1_0$73	aes128_encrypt_block	FIRST_ARGUMENT_HOME	XSEG	3	0x8b3	yes
Laes.aes128_encrypt_block$out$1_0$74	aes128_encrypt_block	LOCAL	XSEG	2	0x8b6	yes
Laes.aes128_encrypt_block$diag$1_0$74	aes128_encrypt_block	LOCAL	XSEG	2	0x8b8	yes
Laes.aes128_encrypt_block$bit$1_0$74	aes128_encrypt_block	LOCAL	XSEG	1	0x8ba	yes
Laes.aes128_encrypt_block$result$1_0$74	aes128_encrypt_block	LOCAL	XSEG	1	0x8bb	yes
G$aes_reserved_end$0_0$0	-	GLOBAL	XSEG	1	0x8bc	yes
Lccm_star.feed$count$1_0$84	feed	PARAM_CALLER_WRITTEN	XSEG	1	0x8bd	yes
Lccm_star.feed$data$1_0$84	feed	FIRST_ARGUMENT_HOME	XSEG	3	0x8be	yes
Lccm_star.feed$i$1_0$85	feed	LOCAL	XSEG	1	0x8c1	yes
Lccm_star.authenticate$aad_length$1_0$88	authenticate	PARAM_CALLER_WRITTEN	XSEG	1	0x8c2	yes
Lccm_star.authenticate$size$1_0$88	authenticate	PARAM_CALLER_WRITTEN	XSEG	1	0x8c3	yes
Lccm_star.authenticate$tag_length$1_0$88	authenticate	PARAM_CALLER_WRITTEN	XSEG	1	0x8c4	yes
Lccm_star.authenticate$aad$1_0$88	authenticate	FIRST_ARGUMENT_HOME	XSEG	3	0x8c5	yes
Lccm_star.counter$number$1_0$91	counter	FIRST_ARGUMENT_HOME	XSEG	1	0x8c8	yes
Lccm_star.transform$size$1_0$93	transform	FIRST_ARGUMENT_HOME	XSEG	1	0x8c9	yes
Lccm_star.transform$offset$1_0$94	transform	LOCAL	XSEG	1	0x8ca	yes
Lccm_star.transform$number$1_0$94	transform	LOCAL	XSEG	1	0x8cb	yes
Lccm_star.ccm_star_crypt$key$1_0$100	ccm_star_crypt	PARAM_CALLER_WRITTEN	XSEG	3	0x8cc	yes
Lccm_star.ccm_star_crypt$nonce$1_0$100	ccm_star_crypt	PARAM_CALLER_WRITTEN	XSEG	3	0x8cf	yes
Lccm_star.ccm_star_crypt$aad$1_0$100	ccm_star_crypt	PARAM_CALLER_WRITTEN	XSEG	3	0x8d2	yes
Lccm_star.ccm_star_crypt$aad_length$1_0$100	ccm_star_crypt	PARAM_CALLER_WRITTEN	XSEG	2	0x8d5	yes
Lccm_star.ccm_star_crypt$input$1_0$100	ccm_star_crypt	PARAM_CALLER_WRITTEN	XSEG	3	0x8d7	yes
Lccm_star.ccm_star_crypt$length$1_0$100	ccm_star_crypt	PARAM_CALLER_WRITTEN	XSEG	2	0x8da	yes
Lccm_star.ccm_star_crypt$tag_length$1_0$100	ccm_star_crypt	PARAM_CALLER_WRITTEN	XSEG	1	0x8dc	yes
Lccm_star.ccm_star_crypt$output$1_0$100	ccm_star_crypt	PARAM_CALLER_WRITTEN	XSEG	3	0x8dd	yes
Lccm_star.ccm_star_crypt$capacity$1_0$100	ccm_star_crypt	PARAM_CALLER_WRITTEN	XSEG	2	0x8e0	yes
Lccm_star.ccm_star_crypt$written$1_0$100	ccm_star_crypt	PARAM_CALLER_WRITTEN	XSEG	3	0x8e2	yes
Lccm_star.ccm_star_crypt$limits$1_0$100	ccm_star_crypt	PARAM_CALLER_WRITTEN	XSEG	3	0x8e5	yes
Lccm_star.ccm_star_crypt$info$1_0$100	ccm_star_crypt	PARAM_CALLER_WRITTEN	XSEG	3	0x8e8	yes
Lccm_star.ccm_star_crypt$open$1_0$100	ccm_star_crypt	FIRST_ARGUMENT_HOME	XSEG	1	0x8eb	yes
Lccm_star.ccm_star_crypt$size$1_1$102	ccm_star_crypt	LOCAL	XSEG	1	0x8ec	yes
Lccm_star.ccm_star_crypt$total$1_1$102	ccm_star_crypt	LOCAL	XSEG	1	0x8ed	yes
Lccm_star.ccm_star_crypt$different$1_1$102	ccm_star_crypt	LOCAL	XSEG	1	0x8ee	yes
Lccm_star.ccm_star_crypt$result$1_1$102	ccm_star_crypt	LOCAL	XSEG	1	0x8ef	yes
Lzigbee_mmo.zigbee_mmo_hash$length$1_0$85	zigbee_mmo_hash	PARAM_CALLER_WRITTEN	XSEG	2	0x8f0	yes
Lzigbee_mmo.zigbee_mmo_hash$output$1_0$85	zigbee_mmo_hash	PARAM_CALLER_WRITTEN	XSEG	3	0x8f2	yes
Lzigbee_mmo.zigbee_mmo_hash$timeout$1_0$85	zigbee_mmo_hash	PARAM_CALLER_WRITTEN	XSEG	4	0x8f5	yes
Lzigbee_mmo.zigbee_mmo_hash$poll_limit$1_0$85	zigbee_mmo_hash	PARAM_CALLER_WRITTEN	XSEG	2	0x8f9	yes
Lzigbee_mmo.zigbee_mmo_hash$info$1_0$85	zigbee_mmo_hash	PARAM_CALLER_WRITTEN	XSEG	3	0x8fb	yes
Lzigbee_mmo.zigbee_mmo_hash$input$1_0$85	zigbee_mmo_hash	FIRST_ARGUMENT_HOME	XSEG	3	0x8fe	yes
Lzigbee_mmo.zigbee_mmo_hash$offset$1_1$87	zigbee_mmo_hash	LOCAL	XSEG	1	0x901	yes
Lzigbee_mmo.zigbee_mmo_hash$remaining$1_1$87	zigbee_mmo_hash	LOCAL	XSEG	1	0x902	yes
Lzigbee_mmo.zigbee_mmo_hash$result$1_1$87	zigbee_mmo_hash	LOCAL	XSEG	1	0x903	yes
Lzigbee_mmo.install_code_derive$length$1_0$92	install_code_derive	PARAM_CALLER_WRITTEN	XSEG	2	0x904	yes
Lzigbee_mmo.install_code_derive$output$1_0$92	install_code_derive	PARAM_CALLER_WRITTEN	XSEG	3	0x906	yes
Lzigbee_mmo.install_code_derive$timeout$1_0$92	install_code_derive	PARAM_CALLER_WRITTEN	XSEG	4	0x909	yes
Lzigbee_mmo.install_code_derive$poll_limit$1_0$92	install_code_derive	PARAM_CALLER_WRITTEN	XSEG	2	0x90d	yes
Lzigbee_mmo.install_code_derive$info$1_0$92	install_code_derive	PARAM_CALLER_WRITTEN	XSEG	3	0x90f	yes
Lzigbee_mmo.install_code_derive$code$1_0$92	install_code_derive	FIRST_ARGUMENT_HOME	XSEG	3	0x912	yes
Lzigbee_mmo.install_code_derive$crc$1_1$94	install_code_derive	LOCAL	XSEG	2	0x915	yes
Lzigbee_key_hash.zigbee_key_hash$purpose$1_0$82	zigbee_key_hash	PARAM_CALLER_WRITTEN	XSEG	1	0x917	yes
Lzigbee_key_hash.zigbee_key_hash$output$1_0$82	zigbee_key_hash	PARAM_CALLER_WRITTEN	XSEG	3	0x918	yes
Lzigbee_key_hash.zigbee_key_hash$timeout$1_0$82	zigbee_key_hash	PARAM_CALLER_WRITTEN	XSEG	4	0x91b	yes
Lzigbee_key_hash.zigbee_key_hash$poll_limit$1_0$82	zigbee_key_hash	PARAM_CALLER_WRITTEN	XSEG	2	0x91f	yes
Lzigbee_key_hash.zigbee_key_hash$info$1_0$82	zigbee_key_hash	PARAM_CALLER_WRITTEN	XSEG	3	0x921	yes
Lzigbee_key_hash.zigbee_key_hash$key$1_0$82	zigbee_key_hash	FIRST_ARGUMENT_HOME	XSEG	3	0x924	yes
Lzigbee_key_hash.zigbee_key_hash$result$1_1$84	zigbee_key_hash	LOCAL	XSEG	1	0x927	yes
G$mac_time_fault$0_0$0	-	GLOBAL	XSEG	1	0x928	yes
G$mac_time_ready$0_0$0	-	GLOBAL	XSEG	1	0x929	yes
Fmac_time$saved_clock$0_0$0	-	FILE_STATIC	XSEG	1	0x92a	yes
Fmac_time$status$0_0$0	-	FILE_STATIC	XSEG	16	0x92b	yes
Fmac_time$staged$0_0$0	-	FILE_STATIC	XSEG	6	0x93b	yes
Fmac_time$fast$0_0$0	-	FILE_STATIC	XSEG	1	0x941	yes
Fmac_time$work$0_0$0	-	FILE_STATIC	XSEG	18	0x942	yes
Lmac_time.observe$value$1_0$14	observe	LOCAL	XSEG	1	0x954	yes
Lmac_time.poll$expired$1_0$54	poll	LOCAL	XSEG	1	0x955	yes
Lmac_time.operate$timeout$1_0$55	operate	PARAM_CALLER_WRITTEN	XSEG	4	0x956	yes
Lmac_time.operate$limit$1_0$55	operate	PARAM_CALLER_WRITTEN	XSEG	2	0x95a	yes
Lmac_time.operate$output$1_0$55	operate	PARAM_CALLER_WRITTEN	XSEG	2	0x95c	yes
Lmac_time.operate$initialize$1_0$55	operate	FIRST_ARGUMENT_HOME	XSEG	1	0x95e	yes
Lmac_time.operate$result$1_0$56	operate	LOCAL	XSEG	1	0x95f	yes
Lmac_time.operate$low$1_0$56	operate	LOCAL	XSEG	1	0x960	yes
Lmac_time.operate$high$1_0$56	operate	LOCAL	XSEG	1	0x961	yes
Lmac_time.operate$a$1_0$56	operate	LOCAL	XSEG	1	0x962	yes
Lmac_time.operate$b$1_0$56	operate	LOCAL	XSEG	1	0x963	yes
Lmac_time.operate$c$1_0$56	operate	LOCAL	XSEG	1	0x964	yes
Lmac_time.mac_time_init$poll_limit$1_0$119	mac_time_init	PARAM_CALLER_WRITTEN	XSEG	2	0x965	yes
Lmac_time.mac_time_init$timeout$1_0$119	mac_time_init	FIRST_ARGUMENT_HOME	XSEG	4	0x967	yes
Lmac_time.mac_time_read_live$poll_limit$1_0$121	mac_time_read_live	PARAM_CALLER_WRITTEN	XSEG	2	0x96b	yes
Lmac_time.mac_time_read_live$output$1_0$121	mac_time_read_live	PARAM_CALLER_WRITTEN	XSEG	2	0x96d	yes
Lmac_time.mac_time_read_live$timeout$1_0$121	mac_time_read_live	FIRST_ARGUMENT_HOME	XSEG	4	0x96f	yes
Lmac_time.mac_time_read_radio$poll_limit$1_0$123	mac_time_read_radio	PARAM_CALLER_WRITTEN	XSEG	2	0x973	yes
Lmac_time.mac_time_read_radio$output$1_0$123	mac_time_read_radio	PARAM_CALLER_WRITTEN	XSEG	2	0x975	yes
Lmac_time.mac_time_read_radio$timeout$1_0$123	mac_time_read_radio	FIRST_ARGUMENT_HOME	XSEG	4	0x977	yes
G$mac_time_attempt_active$0_0$0	-	GLOBAL	XSEG	1	0x97b	yes
Lmac_time.attempt_clock$limit$1_0$127	attempt_clock	PARAM_CALLER_WRITTEN	XSEG	2	0x97c	yes
Lmac_time.attempt_clock$timeout$1_0$127	attempt_clock	FIRST_ARGUMENT_HOME	XSEG	4	0x97e	yes
Lmac_time.mac_time_attempt_begin$limit$1_0$129	mac_time_attempt_begin	PARAM_CALLER_WRITTEN	XSEG	2	0x982	yes
Lmac_time.mac_time_attempt_begin$output$1_0$129	mac_time_attempt_begin	PARAM_CALLER_WRITTEN	XSEG	2	0x984	yes
Lmac_time.mac_time_attempt_begin$timeout$1_0$129	mac_time_attempt_begin	FIRST_ARGUMENT_HOME	XSEG	4	0x986	yes
Lmac_time.mac_time_attempt_read$limit$1_0$131	mac_time_attempt_read	PARAM_CALLER_WRITTEN	XSEG	2	0x98a	yes
Lmac_time.mac_time_attempt_read$output$1_0$131	mac_time_attempt_read	PARAM_CALLER_WRITTEN	XSEG	2	0x98c	yes
Lmac_time.mac_time_attempt_read$timeout$1_0$131	mac_time_attempt_read	FIRST_ARGUMENT_HOME	XSEG	4	0x98e	yes
Lmac_time.mac_time_attempt_read$result$1_0$132	mac_time_attempt_read	LOCAL	XSEG	1	0x992	yes
Lmac_time.mac_time_attempt_read$low$1_0$132	mac_time_attempt_read	LOCAL	XSEG	1	0x993	yes
Lmac_time.mac_time_attempt_read$high$1_0$132	mac_time_attempt_read	LOCAL	XSEG	1	0x994	yes
Lmac_time.mac_time_attempt_read$a$1_0$132	mac_time_attempt_read	LOCAL	XSEG	1	0x995	yes
Lmac_time.mac_time_attempt_read$b$1_0$132	mac_time_attempt_read	LOCAL	XSEG	1	0x996	yes
Lmac_time.mac_time_attempt_read$c$1_0$132	mac_time_attempt_read	LOCAL	XSEG	1	0x997	yes
Lmac_time.mac_time_attempt_end$limit$1_0$140	mac_time_attempt_end	PARAM_CALLER_WRITTEN	XSEG	2	0x998	yes
Lmac_time.mac_time_attempt_end$output$1_0$140	mac_time_attempt_end	PARAM_CALLER_WRITTEN	XSEG	2	0x99a	yes
Lmac_time.mac_time_attempt_end$timeout$1_0$140	mac_time_attempt_end	FIRST_ARGUMENT_HOME	XSEG	4	0x99c	yes
Lmac_time.mac_time_handoff_read$low$1_0$143	mac_time_handoff_read	LOCAL	XSEG	1	0x9a0	yes
Lmac_time.mac_time_handoff_read$high$1_0$143	mac_time_handoff_read	LOCAL	XSEG	1	0x9a1	yes
Lmac_time.mac_time_handoff_read$a$1_0$143	mac_time_handoff_read	LOCAL	XSEG	1	0x9a2	yes
Lmac_time.mac_time_handoff_read$b$1_0$143	mac_time_handoff_read	LOCAL	XSEG	1	0x9a3	yes
Lmac_time.mac_time_handoff_read$c$1_0$143	mac_time_handoff_read	LOCAL	XSEG	1	0x9a4	yes
G$mac_time_reserved_end$0_0$0	-	GLOBAL	XSEG	1	0x9a5	yes
G$radio_autoack_state$0_0$0	-	GLOBAL	XSEG	1	0x9a6	yes
G$radio_autoack_fault$0_0$0	-	GLOBAL	XSEG	1	0x9a7	yes
Fradio_autoack$owned$0_0$0	-	FILE_STATIC	XSEG	14	0x9a8	yes
Fradio_autoack$staged$0_0$0	-	FILE_STATIC	XSEG	128	0x9b6	yes
Fradio_autoack$status$0_0$0	-	FILE_STATIC	XSEG	26	0xa36	yes
Fradio_autoack$work$0_0$0	-	FILE_STATIC	XSEG	29	0xa50	yes
Lradio_autoack.setting_address$index$1_0$52	setting_address	FIRST_ARGUMENT_HOME	XSEG	1	0xa6d	yes
Lradio_autoack.setting_value$index$1_0$54	setting_value	FIRST_ARGUMENT_HOME	XSEG	1	0xa6e	yes
Lradio_autoack.storage$size$1_0$56	storage	PARAM_CALLER_WRITTEN	XSEG	1	0xa6f	yes
Lradio_autoack.storage$address$1_0$56	storage	FIRST_ARGUMENT_HOME	XSEG	2	0xa70	yes
Lradio_autoack.observe$value$1_0$59	observe	LOCAL	XSEG	1	0xa72	yes
Lradio_autoack.observe$clock$1_0$59	observe	LOCAL	XSEG	1	0xa73	yes
Lradio_autoack.progress$expired$1_0$75	progress	LOCAL	XSEG	1	0xa74	yes
Lradio_autoack.consume$count$1_0$81	consume	LOCAL	XSEG	1	0xa75	yes
Lradio_autoack.receive_head$result$1_0$83	receive_head	LOCAL	XSEG	1	0xa76	yes
Lradio_autoack.operate$configuration$1_0$96	operate	PARAM_CALLER_WRITTEN	XSEG	2	0xa77	yes
Lradio_autoack.operate$output$1_0$96	operate	PARAM_CALLER_WRITTEN	XSEG	2	0xa79	yes
Lradio_autoack.operate$timeout$1_0$96	operate	PARAM_CALLER_WRITTEN	XSEG	4	0xa7b	yes
Lradio_autoack.operate$limit$1_0$96	operate	PARAM_CALLER_WRITTEN	XSEG	2	0xa7f	yes
Lradio_autoack.operate$operation$1_0$96	operate	FIRST_ARGUMENT_HOME	XSEG	1	0xa81	yes
Lradio_autoack.operate$result$1_0$97	operate	LOCAL	XSEG	1	0xa82	yes
Lradio_autoack.radio_autoack_acquire$timeout$1_0$205	radio_autoack_acquire	PARAM_CALLER_WRITTEN	XSEG	4	0xa83	yes
Lradio_autoack.radio_autoack_acquire$limit$1_0$205	radio_autoack_acquire	PARAM_CALLER_WRITTEN	XSEG	2	0xa87	yes
Lradio_autoack.radio_autoack_acquire$configuration$1_0$205	radio_autoack_acquire	FIRST_ARGUMENT_HOME	XSEG	2	0xa89	yes
Lradio_autoack.radio_autoack_receive$limit$1_0$207	radio_autoack_receive	PARAM_CALLER_WRITTEN	XSEG	2	0xa8b	yes
Lradio_autoack.radio_autoack_receive$output$1_0$207	radio_autoack_receive	PARAM_CALLER_WRITTEN	XSEG	2	0xa8d	yes
Lradio_autoack.radio_autoack_receive$timeout$1_0$207	radio_autoack_receive	FIRST_ARGUMENT_HOME	XSEG	4	0xa8f	yes
Lradio_autoack.radio_autoack_stop$limit$1_0$209	radio_autoack_stop	PARAM_CALLER_WRITTEN	XSEG	2	0xa93	yes
Lradio_autoack.radio_autoack_stop$timeout$1_0$209	radio_autoack_stop	FIRST_ARGUMENT_HOME	XSEG	4	0xa95	yes
Lradio_autoack.radio_autoack_resume$limit$1_0$211	radio_autoack_resume	PARAM_CALLER_WRITTEN	XSEG	2	0xa99	yes
Lradio_autoack.radio_autoack_resume$timeout$1_0$211	radio_autoack_resume	FIRST_ARGUMENT_HOME	XSEG	4	0xa9b	yes
Lradio_autoack.tx_loaded$length$1_0$215	tx_loaded	FIRST_ARGUMENT_HOME	XSEG	1	0xa9f	yes
Lradio_autoack.radio_autoack_send$length$1_0$219	radio_autoack_send	PARAM_CALLER_WRITTEN	XSEG	1	0xaa0	yes
Lradio_autoack.radio_autoack_send$timeout$1_0$219	radio_autoack_send	PARAM_CALLER_WRITTEN	XSEG	4	0xaa1	yes
Lradio_autoack.radio_autoack_send$limit$1_0$219	radio_autoack_send	PARAM_CALLER_WRITTEN	XSEG	2	0xaa5	yes
Lradio_autoack.radio_autoack_send$body$1_0$219	radio_autoack_send	FIRST_ARGUMENT_HOME	XSEG	2	0xaa7	yes
Lradio_autoack.radio_autoack_send$result$1_0$220	radio_autoack_send	LOCAL	XSEG	1	0xaa9	yes
Fradio_autoack$attempt_epoch$0_0$0	-	FILE_STATIC	XSEG	11	0xaaa	yes
Fradio_autoack$attempt_delta$0_0$0	-	FILE_STATIC	XSEG	6	0xab5	yes
Fradio_autoack$attempt_output$0_0$0	-	FILE_STATIC	XSEG	2	0xabb	yes
Fradio_autoack$attempt$0_0$0	-	FILE_STATIC	XSEG	14	0xabd	yes
Lradio_autoack.attempt_elapsed$last$1_0$294	attempt_elapsed	PARAM_CALLER_WRITTEN	XSEG	2	0xacb	yes
Lradio_autoack.attempt_elapsed$first$1_0$294	attempt_elapsed	FIRST_ARGUMENT_HOME	XSEG	2	0xacd	yes
Lradio_autoack.radio_autoack_prepare$length$1_0$297	radio_autoack_prepare	PARAM_CALLER_WRITTEN	XSEG	1	0xacf	yes
Lradio_autoack.radio_autoack_prepare$timeout$1_0$297	radio_autoack_prepare	PARAM_CALLER_WRITTEN	XSEG	4	0xad0	yes
Lradio_autoack.radio_autoack_prepare$limit$1_0$297	radio_autoack_prepare	PARAM_CALLER_WRITTEN	XSEG	2	0xad4	yes
Lradio_autoack.radio_autoack_prepare$body$1_0$297	radio_autoack_prepare	FIRST_ARGUMENT_HOME	XSEG	2	0xad6	yes
Lradio_autoack.radio_autoack_prepare$result$1_0$298	radio_autoack_prepare	LOCAL	XSEG	1	0xad8	yes
Lradio_autoack.radio_autoack_attempt$timeout$1_0$355	radio_autoack_attempt	PARAM_CALLER_WRITTEN	XSEG	4	0xad9	yes
Lradio_autoack.radio_autoack_attempt$limit$1_0$355	radio_autoack_attempt	PARAM_CALLER_WRITTEN	XSEG	2	0xadd	yes
Lradio_autoack.radio_autoack_attempt$output$1_0$355	radio_autoack_attempt	PARAM_CALLER_WRITTEN	XSEG	2	0xadf	yes
Lradio_autoack.radio_autoack_attempt$window$1_0$355	radio_autoack_attempt	FIRST_ARGUMENT_HOME	XSEG	2	0xae1	yes
Lradio_autoack.radio_autoack_attempt$result$1_0$356	radio_autoack_attempt	LOCAL	XSEG	1	0xae3	yes
Lradio_autoack.radio_autoack_attempt$received$1_0$356	radio_autoack_attempt	LOCAL	XSEG	1	0xae4	yes
Lradio_autoack.radio_autoack_attempt$flags$1_0$356	radio_autoack_attempt	LOCAL	XSEG	1	0xae5	yes
Lradio_autoack.radio_autoack_attempt$signals$1_0$356	radio_autoack_attempt	LOCAL	XSEG	1	0xae6	yes
Lradio_autoack.handoff_sample$output$1_0$483	handoff_sample	FIRST_ARGUMENT_HOME	XSEG	2	0xae7	yes
Lradio_autoack.radio_autoack_handoff$limit$1_0$487	radio_autoack_handoff	PARAM_CALLER_WRITTEN	XSEG	2	0xae9	yes
Lradio_autoack.radio_autoack_handoff$clock$1_0$487	radio_autoack_handoff	PARAM_CALLER_WRITTEN	XSEG	2	0xaeb	yes
Lradio_autoack.radio_autoack_handoff$timeout$1_0$487	radio_autoack_handoff	FIRST_ARGUMENT_HOME	XSEG	4	0xaed	yes
Lradio_autoack.radio_autoack_handoff$result$1_0$488	radio_autoack_handoff	LOCAL	XSEG	1	0xaf1	yes
Lradio_autoack.reconfigure_value$configuration$1_0$526	reconfigure_value	FIRST_ARGUMENT_HOME	XSEG	2	0xaf2	yes
Lradio_autoack.radio_autoack_configure$timeout$1_0$528	radio_autoack_configure	PARAM_CALLER_WRITTEN	XSEG	4	0xaf4	yes
Lradio_autoack.radio_autoack_configure$limit$1_0$528	radio_autoack_configure	PARAM_CALLER_WRITTEN	XSEG	2	0xaf8	yes
Lradio_autoack.radio_autoack_configure$configuration$1_0$528	radio_autoack_configure	FIRST_ARGUMENT_HOME	XSEG	2	0xafa	yes
Lradio_autoack.radio_autoack_configure$result$1_0$529	radio_autoack_configure	LOCAL	XSEG	1	0xafc	yes
G$radio_autoack_reserved_end$0_0$0	-	GLOBAL	XSEG	1	0xafd	yes
Lmac_epoch.valid$raw$1_0$12	valid	FIRST_ARGUMENT_HOME	XSEG	2	0xafe	yes
Lmac_epoch.mac_epoch_start$raw$1_0$14	mac_epoch_start	PARAM_CALLER_WRITTEN	XSEG	2	0xb00	yes
Lmac_epoch.mac_epoch_start$symbols$1_0$14	mac_epoch_start	PARAM_CALLER_WRITTEN	XSEG	4	0xb02	yes
Lmac_epoch.mac_epoch_start$ctx$1_0$14	mac_epoch_start	FIRST_ARGUMENT_HOME	XSEG	2	0xb06	yes
Lmac_epoch.mac_epoch_step$raw$1_0$16	mac_epoch_step	PARAM_CALLER_WRITTEN	XSEG	2	0xb08	yes
Lmac_epoch.mac_epoch_step$output$1_0$16	mac_epoch_step	PARAM_CALLER_WRITTEN	XSEG	2	0xb0a	yes
Lmac_epoch.mac_epoch_step$ctx$1_0$16	mac_epoch_step	FIRST_ARGUMENT_HOME	XSEG	2	0xb0c	yes
Lmac_epoch.mac_epoch_step$whole$1_0$17	mac_epoch_step	LOCAL	XSEG	4	0xb0e	yes
Lmac_epoch.mac_epoch_step$fraction$1_0$17	mac_epoch_step	LOCAL	XSEG	2	0xb12	yes
G$mac_radio_shared_end$0_0$0	-	GLOBAL	XSEG	1	0xb14	yes
G$mac_radio_raw$0_0$0	-	GLOBAL	XSEG	6	0xb15	yes
G$mac_radio_epoch$0_0$0	-	GLOBAL	XSEG	11	0xb1b	yes
G$mac_radio_live$0_0$0	-	GLOBAL	XSEG	6	0xb26	yes
G$mac_radio_config$0_0$0	-	GLOBAL	XSEG	14	0xb2c	yes
Fmac_radio$status$0_0$0	-	FILE_STATIC	XSEG	14	0xb3a	yes
Fmac_radio$clock_status$0_0$0	-	FILE_STATIC	XSEG	19	0xb48	yes
Lmac_radio.storage$size$1_0$40	storage	PARAM_CALLER_WRITTEN	XSEG	1	0xb5b	yes
Lmac_radio.storage$address$1_0$40	storage	FIRST_ARGUMENT_HOME	XSEG	2	0xb5c	yes
Lmac_radio.bounds$limit$1_0$42	bounds	PARAM_CALLER_WRITTEN	XSEG	2	0xb5e	yes
Lmac_radio.bounds$timeout$1_0$42	bounds	FIRST_ARGUMENT_HOME	XSEG	4	0xb60	yes
Lmac_radio.fail$result$1_0$44	fail	FIRST_ARGUMENT_HOME	XSEG	1	0xb64	yes
Lmac_radio.sample$limit$1_0$46	sample	PARAM_CALLER_WRITTEN	XSEG	2	0xb65	yes
Lmac_radio.sample$initialize$1_0$46	sample	PARAM_CALLER_WRITTEN	XSEG	1	0xb67	yes
Lmac_radio.sample$timeout$1_0$46	sample	FIRST_ARGUMENT_HOME	XSEG	4	0xb68	yes
Lmac_radio.mac_radio_init$timeout$1_0$49	mac_radio_init	PARAM_CALLER_WRITTEN	XSEG	4	0xb6c	yes
Lmac_radio.mac_radio_init$limit$1_0$49	mac_radio_init	PARAM_CALLER_WRITTEN	XSEG	2	0xb70	yes
Lmac_radio.mac_radio_init$configuration$1_0$49	mac_radio_init	FIRST_ARGUMENT_HOME	XSEG	2	0xb72	yes
Lmac_radio.mac_radio_now$limit$1_0$51	mac_radio_now	PARAM_CALLER_WRITTEN	XSEG	2	0xb74	yes
Lmac_radio.mac_radio_now$output$1_0$51	mac_radio_now	PARAM_CALLER_WRITTEN	XSEG	2	0xb76	yes
Lmac_radio.mac_radio_now$timeout$1_0$51	mac_radio_now	FIRST_ARGUMENT_HOME	XSEG	4	0xb78	yes
Lmac_radio.operate$body$1_0$53	operate	PARAM_CALLER_WRITTEN	XSEG	2	0xb7c	yes
Lmac_radio.operate$length$1_0$53	operate	PARAM_CALLER_WRITTEN	XSEG	1	0xb7e	yes
Lmac_radio.operate$output$1_0$53	operate	PARAM_CALLER_WRITTEN	XSEG	2	0xb7f	yes
Lmac_radio.operate$timeout$1_0$53	operate	PARAM_CALLER_WRITTEN	XSEG	4	0xb81	yes
Lmac_radio.operate$limit$1_0$53	operate	PARAM_CALLER_WRITTEN	XSEG	2	0xb85	yes
Lmac_radio.operate$operation$1_0$53	operate	FIRST_ARGUMENT_HOME	XSEG	1	0xb87	yes
Lmac_radio.operate$result$1_0$54	operate	LOCAL	XSEG	1	0xb88	yes
Lmac_radio.mac_radio_receive$limit$1_0$62	mac_radio_receive	PARAM_CALLER_WRITTEN	XSEG	2	0xb89	yes
Lmac_radio.mac_radio_receive$output$1_0$62	mac_radio_receive	PARAM_CALLER_WRITTEN	XSEG	2	0xb8b	yes
Lmac_radio.mac_radio_receive$timeout$1_0$62	mac_radio_receive	FIRST_ARGUMENT_HOME	XSEG	4	0xb8d	yes
Lmac_radio.mac_radio_send$length$1_0$64	mac_radio_send	PARAM_CALLER_WRITTEN	XSEG	1	0xb91	yes
Lmac_radio.mac_radio_send$timeout$1_0$64	mac_radio_send	PARAM_CALLER_WRITTEN	XSEG	4	0xb92	yes
Lmac_radio.mac_radio_send$limit$1_0$64	mac_radio_send	PARAM_CALLER_WRITTEN	XSEG	2	0xb96	yes
Lmac_radio.mac_radio_send$body$1_0$64	mac_radio_send	FIRST_ARGUMENT_HOME	XSEG	2	0xb98	yes
Lmac_radio.mac_radio_stop$limit$1_0$66	mac_radio_stop	PARAM_CALLER_WRITTEN	XSEG	2	0xb9a	yes
Lmac_radio.mac_radio_stop$timeout$1_0$66	mac_radio_stop	FIRST_ARGUMENT_HOME	XSEG	4	0xb9c	yes
Lmac_radio.mac_radio_resume$limit$1_0$68	mac_radio_resume	PARAM_CALLER_WRITTEN	XSEG	2	0xba0	yes
Lmac_radio.mac_radio_resume$timeout$1_0$68	mac_radio_resume	FIRST_ARGUMENT_HOME	XSEG	4	0xba2	yes
Fmac_radio$attempt_output$0_0$0	-	FILE_STATIC	XSEG	2	0xba6	yes
Fmac_radio$attempt_first$0_0$0	-	FILE_STATIC	XSEG	2	0xba8	yes
Lmac_radio.attempt_storage$b$1_0$72	attempt_storage	PARAM_CALLER_WRITTEN	XSEG	2	0xbaa	yes
Lmac_radio.attempt_storage$a$1_0$72	attempt_storage	FIRST_ARGUMENT_HOME	XSEG	2	0xbac	yes
Lmac_radio.mac_radio_prepare$length$1_0$74	mac_radio_prepare	PARAM_CALLER_WRITTEN	XSEG	1	0xbae	yes
Lmac_radio.mac_radio_prepare$timeout$1_0$74	mac_radio_prepare	PARAM_CALLER_WRITTEN	XSEG	4	0xbaf	yes
Lmac_radio.mac_radio_prepare$limit$1_0$74	mac_radio_prepare	PARAM_CALLER_WRITTEN	XSEG	2	0xbb3	yes
Lmac_radio.mac_radio_prepare$body$1_0$74	mac_radio_prepare	FIRST_ARGUMENT_HOME	XSEG	2	0xbb5	yes
Lmac_radio.mac_radio_attempt$timeout$1_0$76	mac_radio_attempt	PARAM_CALLER_WRITTEN	XSEG	4	0xbb7	yes
Lmac_radio.mac_radio_attempt$limit$1_0$76	mac_radio_attempt	PARAM_CALLER_WRITTEN	XSEG	2	0xbbb	yes
Lmac_radio.mac_radio_attempt$output$1_0$76	mac_radio_attempt	PARAM_CALLER_WRITTEN	XSEG	2	0xbbd	yes
Lmac_radio.mac_radio_attempt$first$1_0$76	mac_radio_attempt	PARAM_CALLER_WRITTEN	XSEG	2	0xbbf	yes
Lmac_radio.mac_radio_attempt$window$1_0$76	mac_radio_attempt	FIRST_ARGUMENT_HOME	XSEG	2	0xbc1	yes
Lmac_radio.mac_radio_attempt$result$1_0$77	mac_radio_attempt	LOCAL	XSEG	1	0xbc3	yes
G$mac_radio_handoff_clock$0_0$0	-	GLOBAL	XSEG	18	0xbc4	yes
Lmac_radio.mac_radio_attempt_now$limit$1_0$78	mac_radio_attempt_now	PARAM_CALLER_WRITTEN	XSEG	2	0xbd6	yes
Lmac_radio.mac_radio_attempt_now$output$1_0$78	mac_radio_attempt_now	PARAM_CALLER_WRITTEN	XSEG	2	0xbd8	yes
Lmac_radio.mac_radio_attempt_now$timeout$1_0$78	mac_radio_attempt_now	FIRST_ARGUMENT_HOME	XSEG	4	0xbda	yes
Lmac_radio.mac_radio_handoff$limit$1_0$80	mac_radio_handoff	PARAM_CALLER_WRITTEN	XSEG	2	0xbde	yes
Lmac_radio.mac_radio_handoff$timeout$1_0$80	mac_radio_handoff	FIRST_ARGUMENT_HOME	XSEG	4	0xbe0	yes
Lmac_radio.mac_radio_configure$timeout$1_0$82	mac_radio_configure	PARAM_CALLER_WRITTEN	XSEG	4	0xbe4	yes
Lmac_radio.mac_radio_configure$limit$1_0$82	mac_radio_configure	PARAM_CALLER_WRITTEN	XSEG	2	0xbe8	yes
Lmac_radio.mac_radio_configure$configuration$1_0$82	mac_radio_configure	FIRST_ARGUMENT_HOME	XSEG	2	0xbea	yes
G$mac_radio_reserved_end$0_0$0	-	GLOBAL	XSEG	1	0xbec	yes
G$mac_attempt_raw$0_0$0	-	GLOBAL	XSEG	163	0xbed	yes
Fmac_attempt$staged$0_0$0	-	FILE_STATIC	XSEG	36	0xc90	yes
G$mac_attempt_first$0_0$0	-	GLOBAL	XSEG	11	0xcb4	yes
G$mac_attempt_slot$0_0$0	-	GLOBAL	XSEG	2	0xcbf	yes
G$mac_attempt_fault$0_0$0	-	GLOBAL	XSEG	1	0xcc1	yes
Fmac_attempt$length$0_0$0	-	FILE_STATIC	XSEG	1	0xcc2	yes
Fmac_attempt$failed_status$0_0$0	-	FILE_STATIC	XSEG	14	0xcc3	yes
Fmac_attempt$receipt_output$0_0$0	-	FILE_STATIC	XSEG	2	0xcd1	yes
Fmac_attempt$last_result$0_0$0	-	FILE_STATIC	XSEG	1	0xcd3	yes
Fmac_attempt$duration$0_0$0	-	FILE_STATIC	XSEG	2	0xcd4	yes
Lmac_attempt.bounds$limit$1_0$74	bounds	PARAM_CALLER_WRITTEN	XSEG	2	0xcd6	yes
Lmac_attempt.bounds$timeout$1_0$74	bounds	FIRST_ARGUMENT_HOME	XSEG	4	0xcd8	yes
Lmac_attempt.storage$size$1_0$76	storage	PARAM_CALLER_WRITTEN	XSEG	1	0xcdc	yes
Lmac_attempt.storage$address$1_0$76	storage	FIRST_ARGUMENT_HOME	XSEG	2	0xcdd	yes
Lmac_attempt.mac_attempt_init$timeout$1_0$78	mac_attempt_init	PARAM_CALLER_WRITTEN	XSEG	4	0xcdf	yes
Lmac_attempt.mac_attempt_init$limit$1_0$78	mac_attempt_init	PARAM_CALLER_WRITTEN	XSEG	2	0xce3	yes
Lmac_attempt.mac_attempt_init$configuration$1_0$78	mac_attempt_init	FIRST_ARGUMENT_HOME	XSEG	2	0xce5	yes
Lmac_attempt.mac_attempt_prepare$size$1_0$80	mac_attempt_prepare	PARAM_CALLER_WRITTEN	XSEG	1	0xce7	yes
Lmac_attempt.mac_attempt_prepare$timeout$1_0$80	mac_attempt_prepare	PARAM_CALLER_WRITTEN	XSEG	4	0xce8	yes
Lmac_attempt.mac_attempt_prepare$limit$1_0$80	mac_attempt_prepare	PARAM_CALLER_WRITTEN	XSEG	2	0xcec	yes
Lmac_attempt.mac_attempt_prepare$body$1_0$80	mac_attempt_prepare	FIRST_ARGUMENT_HOME	XSEG	2	0xcee	yes
Lmac_attempt.mac_attempt_run$timeout$1_0$83	mac_attempt_run	PARAM_CALLER_WRITTEN	XSEG	4	0xcf0	yes
Lmac_attempt.mac_attempt_run$limit$1_0$83	mac_attempt_run	PARAM_CALLER_WRITTEN	XSEG	2	0xcf4	yes
Lmac_attempt.mac_attempt_run$output$1_0$83	mac_attempt_run	PARAM_CALLER_WRITTEN	XSEG	2	0xcf6	yes
Lmac_attempt.mac_attempt_run$window$1_0$83	mac_attempt_run	FIRST_ARGUMENT_HOME	XSEG	2	0xcf8	yes
Lmac_attempt.mac_attempt_receive$limit$1_0$99	mac_attempt_receive	PARAM_CALLER_WRITTEN	XSEG	2	0xcfa	yes
Lmac_attempt.mac_attempt_receive$output$1_0$99	mac_attempt_receive	PARAM_CALLER_WRITTEN	XSEG	2	0xcfc	yes
Lmac_attempt.mac_attempt_receive$timeout$1_0$99	mac_attempt_receive	FIRST_ARGUMENT_HOME	XSEG	4	0xcfe	yes
Lmac_attempt.mac_attempt_stop$limit$1_0$101	mac_attempt_stop	PARAM_CALLER_WRITTEN	XSEG	2	0xd02	yes
Lmac_attempt.mac_attempt_stop$timeout$1_0$101	mac_attempt_stop	FIRST_ARGUMENT_HOME	XSEG	4	0xd04	yes
Lmac_attempt.mac_attempt_resume$limit$1_0$103	mac_attempt_resume	PARAM_CALLER_WRITTEN	XSEG	2	0xd08	yes
Lmac_attempt.mac_attempt_resume$timeout$1_0$103	mac_attempt_resume	FIRST_ARGUMENT_HOME	XSEG	4	0xd0a	yes
Lmac_attempt.mac_attempt_now$limit$1_0$107	mac_attempt_now	PARAM_CALLER_WRITTEN	XSEG	2	0xd0e	yes
Lmac_attempt.mac_attempt_now$output$1_0$107	mac_attempt_now	PARAM_CALLER_WRITTEN	XSEG	2	0xd10	yes
Lmac_attempt.mac_attempt_now$timeout$1_0$107	mac_attempt_now	FIRST_ARGUMENT_HOME	XSEG	4	0xd12	yes
Lmac_attempt.mac_attempt_handoff$limit$1_0$109	mac_attempt_handoff	PARAM_CALLER_WRITTEN	XSEG	2	0xd16	yes
Lmac_attempt.mac_attempt_handoff$timeout$1_0$109	mac_attempt_handoff	FIRST_ARGUMENT_HOME	XSEG	4	0xd18	yes
Lmac_attempt.mac_attempt_configure$timeout$1_0$111	mac_attempt_configure	PARAM_CALLER_WRITTEN	XSEG	4	0xd1c	yes
Lmac_attempt.mac_attempt_configure$limit$1_0$111	mac_attempt_configure	PARAM_CALLER_WRITTEN	XSEG	2	0xd20	yes
Lmac_attempt.mac_attempt_configure$configuration$1_0$111	mac_attempt_configure	FIRST_ARGUMENT_HOME	XSEG	2	0xd22	yes
G$mac_attempt_reserved_end$0_0$0	-	GLOBAL	XSEG	1	0xd24	yes
Lmac_frame.read_le16$bytes$1_0$143	read_le16	FIRST_ARGUMENT_HOME	XSEG	3	0xd25	yes
Lmac_frame.write_le16$value$1_0$145	write_le16	PARAM_CALLER_WRITTEN	XSEG	2	0xd28	yes
Lmac_frame.write_le16$bytes$1_0$145	write_le16	FIRST_ARGUMENT_HOME	XSEG	3	0xd2a	yes
Lmac_frame.command_size$identifier$1_0$147	command_size	FIRST_ARGUMENT_HOME	XSEG	1	0xd2d	yes
Lmac_frame.command_policy$command$1_0$150	command_policy	FIRST_ARGUMENT_HOME	XSEG	3	0xd2e	yes
Lmac_frame.command_parse$length$1_0$153	command_parse	PARAM_CALLER_WRITTEN	XSEG	2	0xd31	yes
Lmac_frame.command_parse$result$1_0$153	command_parse	PARAM_CALLER_WRITTEN	XSEG	3	0xd33	yes
Lmac_frame.command_parse$payload$1_0$153	command_parse	FIRST_ARGUMENT_HOME	XSEG	3	0xd36	yes
Lmac_frame.command_parse$candidate$1_0$154	command_parse	LOCAL	XSEG	6	0xd39	yes
Lmac_frame.command_parse$bytes$4_0$157	command_parse	LOCAL	XSEG	3	0xd3f	yes
Lmac_frame.mac_command_encode$payload$1_0$159	mac_command_encode	PARAM_CALLER_WRITTEN	XSEG	3	0xd42	yes
Lmac_frame.mac_command_encode$capacity$1_0$159	mac_command_encode	PARAM_CALLER_WRITTEN	XSEG	2	0xd45	yes
Lmac_frame.mac_command_encode$length$1_0$159	mac_command_encode	PARAM_CALLER_WRITTEN	XSEG	3	0xd47	yes
Lmac_frame.mac_command_encode$command$1_0$159	mac_command_encode	FIRST_ARGUMENT_HOME	XSEG	3	0xd4a	yes
Lmac_frame.mac_command_encode$bytes$4_1$164	mac_command_encode	LOCAL	XSEG	3	0xd4d	yes
Lmac_frame.mac_beacon_decode$length$1_0$166	mac_beacon_decode	PARAM_CALLER_WRITTEN	XSEG	2	0xd50	yes
Lmac_frame.mac_beacon_decode$result$1_0$166	mac_beacon_decode	PARAM_CALLER_WRITTEN	XSEG	3	0xd52	yes
Lmac_frame.mac_beacon_decode$payload$1_0$166	mac_beacon_decode	FIRST_ARGUMENT_HOME	XSEG	3	0xd55	yes
Lmac_frame.header_shape$destination_size$1_0$168	header_shape	PARAM_CALLER_WRITTEN	XSEG	3	0xd58	yes
Lmac_frame.header_shape$source_size$1_0$168	header_shape	PARAM_CALLER_WRITTEN	XSEG	3	0xd5b	yes
Lmac_frame.header_shape$header_size$1_0$168	header_shape	PARAM_CALLER_WRITTEN	XSEG	3	0xd5e	yes
Lmac_frame.header_shape$header$1_0$168	header_shape	FIRST_ARGUMENT_HOME	XSEG	3	0xd61	yes
Lmac_frame.address_policy$header$1_0$172	address_policy	FIRST_ARGUMENT_HOME	XSEG	3	0xd64	yes
Lmac_frame.address_policy$bytes$3_0$175	address_policy	LOCAL	XSEG	3	0xd67	yes
Lmac_frame.address_policy$bytes$3_0$178	address_policy	LOCAL	XSEG	3	0xd6a	yes
Lmac_frame.address_policy$bytes$3_0$181	address_policy	LOCAL	XSEG	3	0xd6d	yes
Lmac_frame.mac_frame_decode_profile$length$1_0$183	mac_frame_decode_profile	PARAM_CALLER_WRITTEN	XSEG	2	0xd70	yes
Lmac_frame.mac_frame_decode_profile$result$1_0$183	mac_frame_decode_profile	PARAM_CALLER_WRITTEN	XSEG	3	0xd72	yes
Lmac_frame.mac_frame_decode_profile$profile$1_0$183	mac_frame_decode_profile	PARAM_CALLER_WRITTEN	XSEG	1	0xd75	yes
Lmac_frame.mac_frame_decode_profile$body$1_0$183	mac_frame_decode_profile	FIRST_ARGUMENT_HOME	XSEG	3	0xd76	yes
Lmac_frame.mac_frame_decode_profile$destination_size$1_1$186	mac_frame_decode_profile	LOCAL	XSEG	1	0xd79	yes
Lmac_frame.mac_frame_decode_profile$source_size$1_1$186	mac_frame_decode_profile	LOCAL	XSEG	1	0xd7a	yes
Lmac_frame.mac_frame_decode_profile$header_size$1_1$186	mac_frame_decode_profile	LOCAL	XSEG	1	0xd7b	yes
Lmac_frame.mac_frame_decode_profile$position$1_1$186	mac_frame_decode_profile	LOCAL	XSEG	1	0xd7c	yes
Lmac_frame.mac_frame_decode_profile$bytes$4_1$194	mac_frame_decode_profile	LOCAL	XSEG	3	0xd7d	yes
Lmac_frame.mac_frame_decode_profile$bytes$5_1$197	mac_frame_decode_profile	LOCAL	XSEG	3	0xd80	yes
Lmac_frame.mac_frame_decode$length$1_0$199	mac_frame_decode	PARAM_CALLER_WRITTEN	XSEG	2	0xd83	yes
Lmac_frame.mac_frame_decode$result$1_0$199	mac_frame_decode	PARAM_CALLER_WRITTEN	XSEG	3	0xd85	yes
Lmac_frame.mac_frame_decode$body$1_0$199	mac_frame_decode	FIRST_ARGUMENT_HOME	XSEG	3	0xd88	yes
Lmac_frame.emit_frame$payload$1_0$201	emit_frame	PARAM_CALLER_WRITTEN	XSEG	3	0xd8b	yes
Lmac_frame.emit_frame$payload_length$1_0$201	emit_frame	PARAM_CALLER_WRITTEN	XSEG	1	0xd8e	yes
Lmac_frame.emit_frame$body$1_0$201	emit_frame	PARAM_CALLER_WRITTEN	XSEG	3	0xd8f	yes
Lmac_frame.emit_frame$destination_size$1_0$201	emit_frame	PARAM_CALLER_WRITTEN	XSEG	1	0xd92	yes
Lmac_frame.emit_frame$source_size$1_0$201	emit_frame	PARAM_CALLER_WRITTEN	XSEG	1	0xd93	yes
Lmac_frame.emit_frame$header$1_0$201	emit_frame	FIRST_ARGUMENT_HOME	XSEG	3	0xd94	yes
Lmac_frame.emit_frame$position$1_0$202	emit_frame	LOCAL	XSEG	1	0xd97	yes
Lmac_frame.emit_frame$bytes$4_0$210	emit_frame	LOCAL	XSEG	3	0xd98	yes
Lmac_frame.emit_frame$bytes$5_0$213	emit_frame	LOCAL	XSEG	3	0xd9b	yes
Lmac_frame.mac_frame_encode$payload$1_0$215	mac_frame_encode	PARAM_CALLER_WRITTEN	XSEG	3	0xd9e	yes
Lmac_frame.mac_frame_encode$payload_length$1_0$215	mac_frame_encode	PARAM_CALLER_WRITTEN	XSEG	2	0xda1	yes
Lmac_frame.mac_frame_encode$body$1_0$215	mac_frame_encode	PARAM_CALLER_WRITTEN	XSEG	3	0xda3	yes
Lmac_frame.mac_frame_encode$capacity$1_0$215	mac_frame_encode	PARAM_CALLER_WRITTEN	XSEG	2	0xda6	yes
Lmac_frame.mac_frame_encode$length$1_0$215	mac_frame_encode	PARAM_CALLER_WRITTEN	XSEG	3	0xda8	yes
Lmac_frame.mac_frame_encode$header$1_0$215	mac_frame_encode	FIRST_ARGUMENT_HOME	XSEG	3	0xdab	yes
Lmac_frame.mac_frame_encode$destination_size$1_1$218	mac_frame_encode	LOCAL	XSEG	1	0xdae	yes
Lmac_frame.mac_frame_encode$source_size$1_1$218	mac_frame_encode	LOCAL	XSEG	1	0xdaf	yes
Lmac_frame.mac_frame_encode$header_size$1_1$218	mac_frame_encode	LOCAL	XSEG	1	0xdb0	yes
Lmac_frame.beacon_fields$length$1_0$221	beacon_fields	PARAM_CALLER_WRITTEN	XSEG	2	0xdb1	yes
Lmac_frame.beacon_fields$result$1_0$221	beacon_fields	PARAM_CALLER_WRITTEN	XSEG	3	0xdb3	yes
Lmac_frame.beacon_fields$payload$1_0$221	beacon_fields	FIRST_ARGUMENT_HOME	XSEG	3	0xdb6	yes
Lmac_frame.beacon_fields$i$1_1$224	beacon_fields	LOCAL	XSEG	1	0xdb9	yes
Lmac_frame.beacon_fields$bytes$4_1$227	beacon_fields	LOCAL	XSEG	3	0xdba	yes
Lmac_frame.beacon_fields$bytes$3_1$230	beacon_fields	LOCAL	XSEG	3	0xdbd	yes
Lmac_frame.command_header_policy$payload$1_0$232	command_header_policy	PARAM_CALLER_WRITTEN	XSEG	3	0xdc0	yes
Lmac_frame.command_header_policy$length$1_0$232	command_header_policy	PARAM_CALLER_WRITTEN	XSEG	2	0xdc3	yes
Lmac_frame.command_header_policy$mode$1_0$232	command_header_policy	PARAM_CALLER_WRITTEN	XSEG	1	0xdc5	yes
Lmac_frame.command_header_policy$header$1_0$232	command_header_policy	FIRST_ARGUMENT_HOME	XSEG	3	0xdc6	yes
Lmac_frame.command_header_policy$command$1_0$233	command_header_policy	LOCAL	XSEG	6	0xdc9	yes
Lmac_frame.command_header_policy$bytes$4_0$238	command_header_policy	LOCAL	XSEG	3	0xdcf	yes
Lmac_frame.command_header_policy$bytes$3_0$241	command_header_policy	LOCAL	XSEG	3	0xdd2	yes
Lmac_frame.command_header_policy$bytes$3_0$244	command_header_policy	LOCAL	XSEG	3	0xdd5	yes
Lmac_frame.mac_command_decode$length$1_0$246	mac_command_decode	PARAM_CALLER_WRITTEN	XSEG	2	0xdd8	yes
Lmac_frame.mac_command_decode$result$1_0$246	mac_command_decode	PARAM_CALLER_WRITTEN	XSEG	3	0xdda	yes
Lmac_frame.mac_command_decode$payload$1_0$246	mac_command_decode	FIRST_ARGUMENT_HOME	XSEG	3	0xddd	yes
Lmac_tx.load_control$tx$1_0$140	load_control	FIRST_ARGUMENT_HOME	XSEG	3	0xde0	yes
Lmac_tx.save_control$tx$1_0$142	save_control	FIRST_ARGUMENT_HOME	XSEG	3	0xde3	yes
Lmac_tx.reached$at$1_0$144	reached	PARAM_CALLER_WRITTEN	XSEG	4	0xde6	yes
Lmac_tx.reached$now$1_0$144	reached	FIRST_ARGUMENT_HOME	XSEG	4	0xdea	yes
Lmac_tx.mac_tx_init$random_dsn$1_0$146	mac_tx_init	PARAM_CALLER_WRITTEN	XSEG	1	0xdee	yes
Lmac_tx.mac_tx_init$now$1_0$146	mac_tx_init	PARAM_CALLER_WRITTEN	XSEG	4	0xdef	yes
Lmac_tx.mac_tx_init$tx$1_0$146	mac_tx_init	FIRST_ARGUMENT_HOME	XSEG	3	0xdf3	yes
Lmac_tx.mac_tx_submit$body$1_0$148	mac_tx_submit	PARAM_CALLER_WRITTEN	XSEG	3	0xdf6	yes
Lmac_tx.mac_tx_submit$length$1_0$148	mac_tx_submit	PARAM_CALLER_WRITTEN	XSEG	2	0xdf9	yes
Lmac_tx.mac_tx_submit$now$1_0$148	mac_tx_submit	PARAM_CALLER_WRITTEN	XSEG	4	0xdfb	yes
Lmac_tx.mac_tx_submit$lifetime$1_0$148	mac_tx_submit	PARAM_CALLER_WRITTEN	XSEG	4	0xdff	yes
Lmac_tx.mac_tx_submit$work_limit$1_0$148	mac_tx_submit	PARAM_CALLER_WRITTEN	XSEG	2	0xe03	yes
Lmac_tx.mac_tx_submit$tx$1_0$148	mac_tx_submit	FIRST_ARGUMENT_HOME	XSEG	3	0xe05	yes
Lmac_tx.mac_tx_submit$command$1_1$151	mac_tx_submit	LOCAL	XSEG	1	0xe08	yes
Lmac_tx.mac_tx_copy$body$1_0$153	mac_tx_copy	PARAM_CALLER_WRITTEN	XSEG	3	0xe09	yes
Lmac_tx.mac_tx_copy$capacity$1_0$153	mac_tx_copy	PARAM_CALLER_WRITTEN	XSEG	2	0xe0c	yes
Lmac_tx.mac_tx_copy$length$1_0$153	mac_tx_copy	PARAM_CALLER_WRITTEN	XSEG	3	0xe0e	yes
Lmac_tx.mac_tx_copy$tx$1_0$153	mac_tx_copy	FIRST_ARGUMENT_HOME	XSEG	3	0xe11	yes
Lmac_tx.mac_tx_copy$size$1_1$155	mac_tx_copy	LOCAL	XSEG	1	0xe14	yes
Lmac_tx.fault$outcome$1_0$156	fault	FIRST_ARGUMENT_HOME	XSEG	1	0xe15	yes
Lmac_tx.spacing$end$1_0$158	spacing	FIRST_ARGUMENT_HOME	XSEG	4	0xe16	yes
Lmac_tx.stop$outcome$1_0$160	stop	FIRST_ARGUMENT_HOME	XSEG	1	0xe1a	yes
Lmac_tx.mac_tx_step$now$1_0$165	mac_tx_step	PARAM_CALLER_WRITTEN	XSEG	4	0xe1b	yes
Lmac_tx.mac_tx_step$event$1_0$165	mac_tx_step	PARAM_CALLER_WRITTEN	XSEG	3	0xe1f	yes
Lmac_tx.mac_tx_step$action$1_0$165	mac_tx_step	PARAM_CALLER_WRITTEN	XSEG	3	0xe22	yes
Lmac_tx.mac_tx_step$tx$1_0$165	mac_tx_step	FIRST_ARGUMENT_HOME	XSEG	3	0xe25	yes
Lmac_tx.mac_tx_step$emitted$1_1$168	mac_tx_step	LOCAL	XSEG	1	0xe28	yes
Lmac_tx.mac_tx_step$kind$1_1$168	mac_tx_step	LOCAL	XSEG	1	0xe29	yes
Lmac_tx.mac_tx_step$normalized$1_1$168	mac_tx_step	LOCAL	XSEG	3	0xe2a	yes
Lmac_tx.mac_tx_release$tx$1_0$192	mac_tx_release	FIRST_ARGUMENT_HOME	XSEG	3	0xe2d	yes
Lmac_tx.interval_ordered$last$1_0$194	interval_ordered	PARAM_CALLER_WRITTEN	XSEG	3	0xe30	yes
Lmac_tx.interval_ordered$first$1_0$194	interval_ordered	FIRST_ARGUMENT_HOME	XSEG	3	0xe33	yes
Lmac_tx.interval_ceil$point$1_0$196	interval_ceil	FIRST_ARGUMENT_HOME	XSEG	3	0xe36	yes
Lmac_tx.interval_stop$outcome$1_0$198	interval_stop	FIRST_ARGUMENT_HOME	XSEG	1	0xe39	yes
Lmac_tx.interval_no_ack$tx$1_0$200	interval_no_ack	FIRST_ARGUMENT_HOME	XSEG	3	0xe3a	yes
Lmac_tx.interval_publish$action$1_0$202	interval_publish	PARAM_CALLER_WRITTEN	XSEG	3	0xe3d	yes
Lmac_tx.interval_publish$emitted$1_0$202	interval_publish	PARAM_CALLER_WRITTEN	XSEG	1	0xe40	yes
Lmac_tx.interval_publish$tx$1_0$202	interval_publish	FIRST_ARGUMENT_HOME	XSEG	3	0xe41	yes
Lmac_tx.mac_tx_interval_init$dsn$1_0$204	mac_tx_interval_init	PARAM_CALLER_WRITTEN	XSEG	1	0xe44	yes
Lmac_tx.mac_tx_interval_init$now$1_0$204	mac_tx_interval_init	PARAM_CALLER_WRITTEN	XSEG	4	0xe45	yes
Lmac_tx.mac_tx_interval_init$tx$1_0$204	mac_tx_interval_init	FIRST_ARGUMENT_HOME	XSEG	3	0xe49	yes
Lmac_tx.mac_tx_interval_submit$body$1_0$207	mac_tx_interval_submit	PARAM_CALLER_WRITTEN	XSEG	3	0xe4c	yes
Lmac_tx.mac_tx_interval_submit$length$1_0$207	mac_tx_interval_submit	PARAM_CALLER_WRITTEN	XSEG	2	0xe4f	yes
Lmac_tx.mac_tx_interval_submit$now$1_0$207	mac_tx_interval_submit	PARAM_CALLER_WRITTEN	XSEG	4	0xe51	yes
Lmac_tx.mac_tx_interval_submit$lifetime$1_0$207	mac_tx_interval_submit	PARAM_CALLER_WRITTEN	XSEG	4	0xe55	yes
Lmac_tx.mac_tx_interval_submit$work$1_0$207	mac_tx_interval_submit	PARAM_CALLER_WRITTEN	XSEG	2	0xe59	yes
Lmac_tx.mac_tx_interval_submit$tx$1_0$207	mac_tx_interval_submit	FIRST_ARGUMENT_HOME	XSEG	3	0xe5b	yes
Lmac_tx.mac_tx_interval_copy$body$1_0$211	mac_tx_interval_copy	PARAM_CALLER_WRITTEN	XSEG	3	0xe5e	yes
Lmac_tx.mac_tx_interval_copy$capacity$1_0$211	mac_tx_interval_copy	PARAM_CALLER_WRITTEN	XSEG	2	0xe61	yes
Lmac_tx.mac_tx_interval_copy$length$1_0$211	mac_tx_interval_copy	PARAM_CALLER_WRITTEN	XSEG	3	0xe63	yes
Lmac_tx.mac_tx_interval_copy$tx$1_0$211	mac_tx_interval_copy	FIRST_ARGUMENT_HOME	XSEG	3	0xe66	yes
Lmac_tx.mac_tx_interval_release$tx$1_0$213	mac_tx_interval_release	FIRST_ARGUMENT_HOME	XSEG	3	0xe69	yes
Lmac_tx.mac_tx_interval_step$now$1_0$215	mac_tx_interval_step	PARAM_CALLER_WRITTEN	XSEG	4	0xe6c	yes
Lmac_tx.mac_tx_interval_step$event$1_0$215	mac_tx_interval_step	PARAM_CALLER_WRITTEN	XSEG	3	0xe70	yes
Lmac_tx.mac_tx_interval_step$action$1_0$215	mac_tx_interval_step	PARAM_CALLER_WRITTEN	XSEG	3	0xe73	yes
Lmac_tx.mac_tx_interval_step$tx$1_0$215	mac_tx_interval_step	FIRST_ARGUMENT_HOME	XSEG	3	0xe76	yes
Lmac_tx.mac_tx_interval_step$kind$1_1$218	mac_tx_interval_step	LOCAL	XSEG	1	0xe79	yes
Lmac_tx.mac_tx_interval_step$emitted$1_1$218	mac_tx_interval_step	LOCAL	XSEG	1	0xe7a	yes
Lmac_tx.mac_tx_observed_step$now$1_0$234	mac_tx_observed_step	PARAM_CALLER_WRITTEN	XSEG	4	0xe7b	yes
Lmac_tx.mac_tx_observed_step$event$1_0$234	mac_tx_observed_step	PARAM_CALLER_WRITTEN	XSEG	3	0xe7f	yes
Lmac_tx.mac_tx_observed_step$action$1_0$234	mac_tx_observed_step	PARAM_CALLER_WRITTEN	XSEG	3	0xe82	yes
Lmac_tx.mac_tx_observed_step$tx$1_0$234	mac_tx_observed_step	FIRST_ARGUMENT_HOME	XSEG	3	0xe85	yes
Fmac_tx$lent$0_0$0	-	FILE_STATIC	XSEG	7	0xe88	yes
Lmac_tx.mac_tx_interval_stage$tx$1_0$243	mac_tx_interval_stage	FIRST_ARGUMENT_HOME	XSEG	3	0xe8f	yes
Lmac_tx.mac_tx_interval_submit_staged$length$1_0$245	mac_tx_interval_submit_staged	PARAM_CALLER_WRITTEN	XSEG	2	0xe92	yes
Lmac_tx.mac_tx_interval_submit_staged$now$1_0$245	mac_tx_interval_submit_staged	PARAM_CALLER_WRITTEN	XSEG	4	0xe94	yes
Lmac_tx.mac_tx_interval_submit_staged$lifetime$1_0$245	mac_tx_interval_submit_staged	PARAM_CALLER_WRITTEN	XSEG	4	0xe98	yes
Lmac_tx.mac_tx_interval_submit_staged$work$1_0$245	mac_tx_interval_submit_staged	PARAM_CALLER_WRITTEN	XSEG	2	0xe9c	yes
Lmac_tx.mac_tx_interval_submit_staged$tx$1_0$245	mac_tx_interval_submit_staged	FIRST_ARGUMENT_HOME	XSEG	3	0xe9e	yes
Fmac_adapter$status$0_0$0	-	FILE_STATIC	XSEG	45	0xea1	yes
Fmac_adapter$observation$0_0$0	-	FILE_STATIC	XSEG	49	0xece	yes
G$mac_adapter_receipt$0_0$0	-	GLOBAL	XSEG	165	0xeff	yes
G$mac_adapter_live$0_0$0	-	GLOBAL	XSEG	6	0xfa4	yes
Fmac_adapter$began$0_0$0	-	FILE_STATIC	XSEG	6	0xfaa	yes
Fmac_adapter$through$0_0$0	-	FILE_STATIC	XSEG	6	0xfb0	yes
Fmac_adapter$retired$0_0$0	-	FILE_STATIC	XSEG	6	0xfb6	yes
Fmac_adapter$settled$0_0$0	-	FILE_STATIC	XSEG	1	0xfbc	yes
Fmac_adapter$requested$0_0$0	-	FILE_STATIC	XSEG	28	0xfbd	yes
Fmac_adapter$owner$0_0$0	-	FILE_STATIC	XSEG	2	0xfd9	yes
Lmac_adapter.reached$at$1_0$106	reached	PARAM_CALLER_WRITTEN	XSEG	4	0xfdb	yes
Lmac_adapter.reached$now$1_0$106	reached	FIRST_ARGUMENT_HOME	XSEG	4	0xfdf	yes
Lmac_adapter.ordered$b$1_0$108	ordered	PARAM_CALLER_WRITTEN	XSEG	2	0xfe3	yes
Lmac_adapter.ordered$a$1_0$108	ordered	FIRST_ARGUMENT_HOME	XSEG	2	0xfe5	yes
Lmac_adapter.storage$size$1_0$110	storage	PARAM_CALLER_WRITTEN	XSEG	2	0xfe7	yes
Lmac_adapter.storage$address$1_0$110	storage	FIRST_ARGUMENT_HOME	XSEG	2	0xfe9	yes
Lmac_adapter.bounds$limit$1_0$112	bounds	PARAM_CALLER_WRITTEN	XSEG	2	0xfeb	yes
Lmac_adapter.bounds$timeout$1_0$112	bounds	FIRST_ARGUMENT_HOME	XSEG	4	0xfed	yes
Lmac_adapter.fail$result$1_0$114	fail	FIRST_ARGUMENT_HOME	XSEG	1	0xff1	yes
Lmac_adapter.clock$limit$1_0$116	clock	PARAM_CALLER_WRITTEN	XSEG	2	0xff2	yes
Lmac_adapter.clock$timeout$1_0$116	clock	FIRST_ARGUMENT_HOME	XSEG	4	0xff4	yes
Lmac_adapter.publish$source$1_0$118	publish	PARAM_CALLER_WRITTEN	XSEG	1	0xff8	yes
Lmac_adapter.publish$kind$1_0$118	publish	FIRST_ARGUMENT_HOME	XSEG	1	0xff9	yes
Lmac_adapter.frame$result$1_0$121	frame	LOCAL	XSEG	1	0xffa	yes
Lmac_adapter.frame$kind$1_0$121	frame	LOCAL	XSEG	1	0xffb	yes
Lmac_adapter.mac_adapter_init$timeout$1_0$123	mac_adapter_init	PARAM_CALLER_WRITTEN	XSEG	4	0xffc	yes
Lmac_adapter.mac_adapter_init$limit$1_0$123	mac_adapter_init	PARAM_CALLER_WRITTEN	XSEG	2	0x1000	yes
Lmac_adapter.mac_adapter_init$config$1_0$123	mac_adapter_init	FIRST_ARGUMENT_HOME	XSEG	2	0x1002	yes
Lmac_adapter.mac_adapter_now$limit$1_0$125	mac_adapter_now	PARAM_CALLER_WRITTEN	XSEG	2	0x1004	yes
Lmac_adapter.mac_adapter_now$output$1_0$125	mac_adapter_now	PARAM_CALLER_WRITTEN	XSEG	2	0x1006	yes
Lmac_adapter.mac_adapter_now$timeout$1_0$125	mac_adapter_now	FIRST_ARGUMENT_HOME	XSEG	4	0x1008	yes
Lmac_adapter.mac_adapter_prepare$policy$1_0$127	mac_adapter_prepare	PARAM_CALLER_WRITTEN	XSEG	1	0x100c	yes
Lmac_adapter.mac_adapter_prepare$timeout$1_0$127	mac_adapter_prepare	PARAM_CALLER_WRITTEN	XSEG	4	0x100d	yes
Lmac_adapter.mac_adapter_prepare$limit$1_0$127	mac_adapter_prepare	PARAM_CALLER_WRITTEN	XSEG	2	0x1011	yes
Lmac_adapter.mac_adapter_prepare$tx$1_0$127	mac_adapter_prepare	FIRST_ARGUMENT_HOME	XSEG	2	0x1013	yes
Lmac_adapter.mac_adapter_unprepare$timeout$1_0$129	mac_adapter_unprepare	PARAM_CALLER_WRITTEN	XSEG	4	0x1015	yes
Lmac_adapter.mac_adapter_unprepare$limit$1_0$129	mac_adapter_unprepare	PARAM_CALLER_WRITTEN	XSEG	2	0x1019	yes
Lmac_adapter.mac_adapter_unprepare$tx$1_0$129	mac_adapter_unprepare	FIRST_ARGUMENT_HOME	XSEG	2	0x101b	yes
Lmac_adapter.mac_adapter_accept$action$1_0$131	mac_adapter_accept	PARAM_CALLER_WRITTEN	XSEG	2	0x101d	yes
Lmac_adapter.mac_adapter_accept$tx$1_0$131	mac_adapter_accept	FIRST_ARGUMENT_HOME	XSEG	2	0x101f	yes
Lmac_adapter.mac_adapter_close$end$1_0$136	mac_adapter_close	FIRST_ARGUMENT_HOME	XSEG	2	0x1021	yes
Lmac_adapter.mac_adapter_step$limit$1_0$139	mac_adapter_step	PARAM_CALLER_WRITTEN	XSEG	2	0x1023	yes
Lmac_adapter.mac_adapter_step$timeout$1_0$139	mac_adapter_step	FIRST_ARGUMENT_HOME	XSEG	4	0x1025	yes
Lmac_adapter.mac_adapter_step$result$1_0$140	mac_adapter_step	LOCAL	XSEG	1	0x1029	yes
Lmac_adapter.mac_adapter_step$source$1_0$140	mac_adapter_step	LOCAL	XSEG	1	0x102a	yes
Lmac_adapter.mac_adapter_consume$token$1_0$161	mac_adapter_consume	FIRST_ARGUMENT_HOME	XSEG	4	0x102b	yes
Lmac_adapter.idle_off$limit$1_0$169	idle_off	PARAM_CALLER_WRITTEN	XSEG	2	0x102f	yes
Lmac_adapter.idle_off$timeout$1_0$169	idle_off	FIRST_ARGUMENT_HOME	XSEG	4	0x1031	yes
Lmac_adapter.mac_adapter_configure$timeout$1_0$171	mac_adapter_configure	PARAM_CALLER_WRITTEN	XSEG	4	0x1035	yes
Lmac_adapter.mac_adapter_configure$limit$1_0$171	mac_adapter_configure	PARAM_CALLER_WRITTEN	XSEG	2	0x1039	yes
Lmac_adapter.mac_adapter_configure$config$1_0$171	mac_adapter_configure	FIRST_ARGUMENT_HOME	XSEG	2	0x103b	yes
Lmac_adapter.mac_adapter_open$limit$1_0$173	mac_adapter_open	PARAM_CALLER_WRITTEN	XSEG	2	0x103d	yes
Lmac_adapter.mac_adapter_open$opened$1_0$173	mac_adapter_open	PARAM_CALLER_WRITTEN	XSEG	2	0x103f	yes
Lmac_adapter.mac_adapter_open$timeout$1_0$173	mac_adapter_open	FIRST_ARGUMENT_HOME	XSEG	4	0x1041	yes
G$mac_adapter_reserved_end$0_0$0	-	GLOBAL	XSEG	1	0x1045	yes
Lnwk_frame.read_le16$bytes$1_0$74	read_le16	FIRST_ARGUMENT_HOME	XSEG	3	0x1046	yes
Lnwk_frame.write_le16$value$1_0$76	write_le16	PARAM_CALLER_WRITTEN	XSEG	2	0x1049	yes
Lnwk_frame.write_le16$bytes$1_0$76	write_le16	FIRST_ARGUMENT_HOME	XSEG	3	0x104b	yes
Lnwk_frame.header_shape$size$1_0$78	header_shape	PARAM_CALLER_WRITTEN	XSEG	3	0x104e	yes
Lnwk_frame.header_shape$header$1_0$78	header_shape	FIRST_ARGUMENT_HOME	XSEG	3	0x1051	yes
Lnwk_frame.nwk_frame_decode$length$1_0$81	nwk_frame_decode	PARAM_CALLER_WRITTEN	XSEG	2	0x1054	yes
Lnwk_frame.nwk_frame_decode$result$1_0$81	nwk_frame_decode	PARAM_CALLER_WRITTEN	XSEG	3	0x1056	yes
Lnwk_frame.nwk_frame_decode$body$1_0$81	nwk_frame_decode	FIRST_ARGUMENT_HOME	XSEG	3	0x1059	yes
Lnwk_frame.nwk_frame_decode$size$1_1$83	nwk_frame_decode	LOCAL	XSEG	1	0x105c	yes
Lnwk_frame.nwk_frame_decode$position$1_1$83	nwk_frame_decode	LOCAL	XSEG	1	0x105d	yes
Lnwk_frame.nwk_frame_decode$bytes$3_1$86	nwk_frame_decode	LOCAL	XSEG	3	0x105e	yes
Lnwk_frame.nwk_frame_decode$bytes$3_1$89	nwk_frame_decode	LOCAL	XSEG	3	0x1061	yes
Lnwk_frame.nwk_frame_decode$bytes$3_1$92	nwk_frame_decode	LOCAL	XSEG	3	0x1064	yes
Lnwk_frame.emit_frame$payload$1_0$94	emit_frame	PARAM_CALLER_WRITTEN	XSEG	3	0x1067	yes
Lnwk_frame.emit_frame$payload_length$1_0$94	emit_frame	PARAM_CALLER_WRITTEN	XSEG	1	0x106a	yes
Lnwk_frame.emit_frame$body$1_0$94	emit_frame	PARAM_CALLER_WRITTEN	XSEG	3	0x106b	yes
Lnwk_frame.emit_frame$header$1_0$94	emit_frame	FIRST_ARGUMENT_HOME	XSEG	3	0x106e	yes
Lnwk_frame.emit_frame$position$1_0$95	emit_frame	LOCAL	XSEG	1	0x1071	yes
Lnwk_frame.emit_frame$bytes$3_0$102	emit_frame	LOCAL	XSEG	3	0x1072	yes
Lnwk_frame.emit_frame$bytes$3_0$105	emit_frame	LOCAL	XSEG	3	0x1075	yes
Lnwk_frame.nwk_frame_encode$payload$1_0$107	nwk_frame_encode	PARAM_CALLER_WRITTEN	XSEG	3	0x1078	yes
Lnwk_frame.nwk_frame_encode$payload_length$1_0$107	nwk_frame_encode	PARAM_CALLER_WRITTEN	XSEG	2	0x107b	yes
Lnwk_frame.nwk_frame_encode$body$1_0$107	nwk_frame_encode	PARAM_CALLER_WRITTEN	XSEG	3	0x107d	yes
Lnwk_frame.nwk_frame_encode$capacity$1_0$107	nwk_frame_encode	PARAM_CALLER_WRITTEN	XSEG	2	0x1080	yes
Lnwk_frame.nwk_frame_encode$length$1_0$107	nwk_frame_encode	PARAM_CALLER_WRITTEN	XSEG	3	0x1082	yes
Lnwk_frame.nwk_frame_encode$header$1_0$107	nwk_frame_encode	FIRST_ARGUMENT_HOME	XSEG	3	0x1085	yes
Lnwk_frame.nwk_frame_encode$size$1_1$109	nwk_frame_encode	LOCAL	XSEG	1	0x1088	yes
Laps_frame.read_le16$bytes$1_0$74	read_le16	FIRST_ARGUMENT_HOME	XSEG	3	0x1089	yes
Laps_frame.write_le16$value$1_0$76	write_le16	PARAM_CALLER_WRITTEN	XSEG	2	0x108c	yes
Laps_frame.write_le16$bytes$1_0$76	write_le16	FIRST_ARGUMENT_HOME	XSEG	3	0x108e	yes
Laps_frame.validate_header$header$1_0$78	validate_header	FIRST_ARGUMENT_HOME	XSEG	3	0x1091	yes
Laps_frame.aps_frame_decode$length$1_0$80	aps_frame_decode	PARAM_CALLER_WRITTEN	XSEG	2	0x1094	yes
Laps_frame.aps_frame_decode$result$1_0$80	aps_frame_decode	PARAM_CALLER_WRITTEN	XSEG	3	0x1096	yes
Laps_frame.aps_frame_decode$body$1_0$80	aps_frame_decode	FIRST_ARGUMENT_HOME	XSEG	3	0x1099	yes
Laps_frame.aps_frame_decode$bytes$3_1$84	aps_frame_decode	LOCAL	XSEG	3	0x109c	yes
Laps_frame.aps_frame_decode$bytes$3_1$87	aps_frame_decode	LOCAL	XSEG	3	0x109f	yes
Laps_frame.emit_frame$payload$1_0$89	emit_frame	PARAM_CALLER_WRITTEN	XSEG	3	0x10a2	yes
Laps_frame.emit_frame$payload_length$1_0$89	emit_frame	PARAM_CALLER_WRITTEN	XSEG	1	0x10a5	yes
Laps_frame.emit_frame$body$1_0$89	emit_frame	PARAM_CALLER_WRITTEN	XSEG	3	0x10a6	yes
Laps_frame.emit_frame$header$1_0$89	emit_frame	FIRST_ARGUMENT_HOME	XSEG	3	0x10a9	yes
Laps_frame.emit_frame$bytes$3_0$93	emit_frame	LOCAL	XSEG	3	0x10ac	yes
Laps_frame.emit_frame$bytes$3_0$96	emit_frame	LOCAL	XSEG	3	0x10af	yes
Laps_frame.aps_frame_encode$payload$1_0$98	aps_frame_encode	PARAM_CALLER_WRITTEN	XSEG	3	0x10b2	yes
Laps_frame.aps_frame_encode$payload_length$1_0$98	aps_frame_encode	PARAM_CALLER_WRITTEN	XSEG	2	0x10b5	yes
Laps_frame.aps_frame_encode$body$1_0$98	aps_frame_encode	PARAM_CALLER_WRITTEN	XSEG	3	0x10b7	yes
Laps_frame.aps_frame_encode$capacity$1_0$98	aps_frame_encode	PARAM_CALLER_WRITTEN	XSEG	2	0x10ba	yes
Laps_frame.aps_frame_encode$length$1_0$98	aps_frame_encode	PARAM_CALLER_WRITTEN	XSEG	3	0x10bc	yes
Laps_frame.aps_frame_encode$header$1_0$98	aps_frame_encode	FIRST_ARGUMENT_HOME	XSEG	3	0x10bf	yes
Led_wire.counter_value$p$1_0$74	counter_value	FIRST_ARGUMENT_HOME	XSEG	3	0x10c2	yes
Led_wire.finish$result$1_0$76	finish	FIRST_ARGUMENT_HOME	XSEG	1	0x10c5	yes
Led_wire.read_nwk$length$1_0$78	read_nwk	PARAM_CALLER_WRITTEN	XSEG	2	0x10c6	yes
Led_wire.read_nwk$info$1_0$78	read_nwk	PARAM_CALLER_WRITTEN	XSEG	3	0x10c8	yes
Led_wire.read_nwk$frame$1_0$78	read_nwk	FIRST_ARGUMENT_HOME	XSEG	3	0x10cb	yes
Led_wire.read_aps$length$1_0$80	read_aps	PARAM_CALLER_WRITTEN	XSEG	2	0x10ce	yes
Led_wire.read_aps$info$1_0$80	read_aps	PARAM_CALLER_WRITTEN	XSEG	3	0x10d0	yes
Led_wire.read_aps$frame$1_0$80	read_aps	FIRST_ARGUMENT_HOME	XSEG	3	0x10d3	yes
Led_wire.ed_wire_nwk$length$1_0$84	ed_wire_nwk	PARAM_CALLER_WRITTEN	XSEG	2	0x10d6	yes
Led_wire.ed_wire_nwk$info$1_0$84	ed_wire_nwk	PARAM_CALLER_WRITTEN	XSEG	3	0x10d8	yes
Led_wire.ed_wire_nwk$frame$1_0$84	ed_wire_nwk	FIRST_ARGUMENT_HOME	XSEG	3	0x10db	yes
Led_wire.ed_wire_aps$length$1_0$86	ed_wire_aps	PARAM_CALLER_WRITTEN	XSEG	2	0x10de	yes
Led_wire.ed_wire_aps$info$1_0$86	ed_wire_aps	PARAM_CALLER_WRITTEN	XSEG	3	0x10e0	yes
Led_wire.ed_wire_aps$frame$1_0$86	ed_wire_aps	FIRST_ARGUMENT_HOME	XSEG	3	0x10e3	yes
Led_wire.ed_wire_decode$length$1_0$88	ed_wire_decode	PARAM_CALLER_WRITTEN	XSEG	2	0x10e6	yes
Led_wire.ed_wire_decode$packet$1_0$88	ed_wire_decode	PARAM_CALLER_WRITTEN	XSEG	3	0x10e8	yes
Led_wire.ed_wire_decode$frame$1_0$88	ed_wire_decode	FIRST_ARGUMENT_HOME	XSEG	3	0x10eb	yes
Led_wire.ed_wire_decode$offset$1_1$90	ed_wire_decode	LOCAL	XSEG	1	0x10ee	yes
Led_wire.ed_wire_decode$size$1_1$90	ed_wire_decode	LOCAL	XSEG	1	0x10ef	yes
Led_wire.ed_wire_encode$frame$1_0$92	ed_wire_encode	PARAM_CALLER_WRITTEN	XSEG	3	0x10f0	yes
Led_wire.ed_wire_encode$capacity$1_0$92	ed_wire_encode	PARAM_CALLER_WRITTEN	XSEG	2	0x10f3	yes
Led_wire.ed_wire_encode$length$1_0$92	ed_wire_encode	PARAM_CALLER_WRITTEN	XSEG	3	0x10f5	yes
Led_wire.ed_wire_encode$packet$1_0$92	ed_wire_encode	FIRST_ARGUMENT_HOME	XSEG	3	0x10f8	yes
Led_wire.ed_wire_encode$n$1_1$94	ed_wire_encode	LOCAL	XSEG	1	0x10fb	yes
Led_wire.ed_wire_encode$control$1_1$94	ed_wire_encode	LOCAL	XSEG	1	0x10fc	yes
Led_wire.ed_wire_encode$total$1_1$94	ed_wire_encode	LOCAL	XSEG	1	0x10fd	yes
Led_wire.ed_wire_encode$encoded_length$1_1$94	ed_wire_encode	LOCAL	XSEG	1	0x10fe	yes
Led_wire.header$frame$1_0$99	header	PARAM_CALLER_WRITTEN	XSEG	3	0x10ff	yes
Led_wire.header$length$1_0$99	header	PARAM_CALLER_WRITTEN	XSEG	2	0x1102	yes
Led_wire.header$size$1_0$99	header	PARAM_CALLER_WRITTEN	XSEG	3	0x1104	yes
Led_wire.header$layer$1_0$99	header	FIRST_ARGUMENT_HOME	XSEG	1	0x1107	yes
Led_wire.header$result$1_0$100	header	LOCAL	XSEG	1	0x1108	yes
Led_wire.inspect$frame$1_0$103	inspect	PARAM_CALLER_WRITTEN	XSEG	3	0x1109	yes
Led_wire.inspect$length$1_0$103	inspect	PARAM_CALLER_WRITTEN	XSEG	2	0x110c	yes
Led_wire.inspect$layer$1_0$103	inspect	FIRST_ARGUMENT_HOME	XSEG	1	0x110e	yes
Led_wire.inspect$h$1_0$104	inspect	LOCAL	XSEG	1	0x110f	yes
Led_wire.inspect$c$1_0$104	inspect	LOCAL	XSEG	1	0x1110	yes
Led_wire.inspect$a$1_0$104	inspect	LOCAL	XSEG	1	0x1111	yes
Led_wire.ed_wire_inspect$frame$1_0$105	ed_wire_inspect	PARAM_CALLER_WRITTEN	XSEG	3	0x1112	yes
Led_wire.ed_wire_inspect$length$1_0$105	ed_wire_inspect	PARAM_CALLER_WRITTEN	XSEG	2	0x1115	yes
Led_wire.ed_wire_inspect$meta$1_0$105	ed_wire_inspect	PARAM_CALLER_WRITTEN	XSEG	3	0x1117	yes
Led_wire.ed_wire_inspect$layer$1_0$105	ed_wire_inspect	FIRST_ARGUMENT_HOME	XSEG	1	0x111a	yes
Led_wire.ed_wire_crypt$layer$1_0$108	ed_wire_crypt	PARAM_CALLER_WRITTEN	XSEG	1	0x111b	yes
Led_wire.ed_wire_crypt$key$1_0$108	ed_wire_crypt	PARAM_CALLER_WRITTEN	XSEG	3	0x111c	yes
Led_wire.ed_wire_crypt$frame$1_0$108	ed_wire_crypt	PARAM_CALLER_WRITTEN	XSEG	3	0x111f	yes
Led_wire.ed_wire_crypt$length$1_0$108	ed_wire_crypt	PARAM_CALLER_WRITTEN	XSEG	2	0x1122	yes
Led_wire.ed_wire_crypt$output$1_0$108	ed_wire_crypt	PARAM_CALLER_WRITTEN	XSEG	3	0x1124	yes
Led_wire.ed_wire_crypt$capacity$1_0$108	ed_wire_crypt	PARAM_CALLER_WRITTEN	XSEG	2	0x1127	yes
Led_wire.ed_wire_crypt$info$1_0$108	ed_wire_crypt	PARAM_CALLER_WRITTEN	XSEG	3	0x1129	yes
Led_wire.ed_wire_crypt$open$1_0$108	ed_wire_crypt	FIRST_ARGUMENT_HOME	XSEG	1	0x112c	yes
Led_wire.ed_wire_crypt$result$1_1$110	ed_wire_crypt	LOCAL	XSEG	1	0x112d	yes
Led_wire.ed_wire_crypt$h$1_1$110	ed_wire_crypt	LOCAL	XSEG	1	0x112e	yes
Led_wire.ed_wire_crypt$a$1_1$110	ed_wire_crypt	LOCAL	XSEG	1	0x112f	yes
Led_wire.ed_wire_crypt$p$1_1$110	ed_wire_crypt	LOCAL	XSEG	1	0x1130	yes
Led_wire.ed_wire_crypt$total$1_1$110	ed_wire_crypt	LOCAL	XSEG	1	0x1131	yes
Fsecurity_keys$security_keys_phase$0_0$0	-	FILE_STATIC	XSEG	1	0x1132	yes
Fsecurity_keys$security_keys_result$0_0$0	-	FILE_STATIC	XSEG	1	0x1133	yes
Fsecurity_keys$floor_cache$0_0$0	-	FILE_STATIC	XSEG	8	0x1134	yes
Fsecurity_keys$phase_cache$0_0$0	-	FILE_STATIC	XSEG	1	0x113c	yes
Lsecurity_keys.u16$p$1_0$168	u16	FIRST_ARGUMENT_HOME	XSEG	3	0x113d	yes
Lsecurity_keys.u32$p$1_0$170	u32	FIRST_ARGUMENT_HOME	XSEG	3	0x1140	yes
Lsecurity_keys.put32$n$1_0$172	put32	PARAM_CALLER_WRITTEN	XSEG	4	0x1143	yes
Lsecurity_keys.put32$p$1_0$172	put32	FIRST_ARGUMENT_HOME	XSEG	3	0x1147	yes
Lsecurity_keys.same$b$1_0$176	same	PARAM_CALLER_WRITTEN	XSEG	3	0x114a	yes
Lsecurity_keys.same$n$1_0$176	same	PARAM_CALLER_WRITTEN	XSEG	1	0x114d	yes
Lsecurity_keys.same$a$1_0$176	same	FIRST_ARGUMENT_HOME	XSEG	3	0x114e	yes
Lsecurity_keys.same$d$1_0$177	same	LOCAL	XSEG	1	0x1151	yes
Lsecurity_keys.all$n$1_0$179	all	PARAM_CALLER_WRITTEN	XSEG	1	0x1152	yes
Lsecurity_keys.all$value$1_0$179	all	PARAM_CALLER_WRITTEN	XSEG	1	0x1153	yes
Lsecurity_keys.all$p$1_0$179	all	FIRST_ARGUMENT_HOME	XSEG	3	0x1154	yes
Lsecurity_keys.all$d$1_0$180	all	LOCAL	XSEG	1	0x1157	yes
Lsecurity_keys.identity$p$1_0$182	identity	FIRST_ARGUMENT_HOME	XSEG	3	0x1158	yes
Lsecurity_keys.set_phase$value$1_0$194	set_phase	FIRST_ARGUMENT_HOME	XSEG	1	0x115b	yes
Lsecurity_keys.finish$result$1_0$197	finish	FIRST_ARGUMENT_HOME	XSEG	1	0x115c	yes
Lsecurity_keys.fault$result$1_0$199	fault	FIRST_ARGUMENT_HOME	XSEG	1	0x115d	yes
Lsecurity_keys.limits_ok$polls$1_0$219	limits_ok	PARAM_CALLER_WRITTEN	XSEG	2	0x115e	yes
Lsecurity_keys.limits_ok$limits$1_0$219	limits_ok	FIRST_ARGUMENT_HOME	XSEG	3	0x1160	yes
Lsecurity_keys.crypto_result$r$1_0$221	crypto_result	FIRST_ARGUMENT_HOME	XSEG	1	0x1163	yes
Lsecurity_keys.key$identifier$1_0$223	key	PARAM_CALLER_WRITTEN	XSEG	1	0x1164	yes
Lsecurity_keys.key$sending$1_0$223	key	PARAM_CALLER_WRITTEN	XSEG	1	0x1165	yes
Lsecurity_keys.key$offset$1_0$223	key	FIRST_ARGUMENT_HOME	XSEG	1	0x1166	yes
Lsecurity_keys.key$purpose$1_0$224	key	LOCAL	XSEG	1	0x1167	yes
Lsecurity_keys.take$domain$1_0$226	take	FIRST_ARGUMENT_HOME	XSEG	1	0x1168	yes
Lsecurity_keys.security_keys_open$result$1_1$231	security_keys_open	LOCAL	XSEG	1	0x1169	yes
Lsecurity_keys.security_keys_provision_default$nwk_floor$1_0$234	security_keys_provision_default	PARAM_CALLER_WRITTEN	XSEG	4	0x116a	yes
Lsecurity_keys.security_keys_provision_default$aps_floor$1_0$234	security_keys_provision_default	PARAM_CALLER_WRITTEN	XSEG	4	0x116e	yes
Lsecurity_keys.security_keys_provision_default$limits$1_0$234	security_keys_provision_default	PARAM_CALLER_WRITTEN	XSEG	3	0x1172	yes
Lsecurity_keys.security_keys_provision_default$nv_polls$1_0$234	security_keys_provision_default	PARAM_CALLER_WRITTEN	XSEG	2	0x1175	yes
Lsecurity_keys.security_keys_provision_default$config$1_0$234	security_keys_provision_default	FIRST_ARGUMENT_HOME	XSEG	3	0x1177	yes
Lsecurity_keys.security_keys_associate$nv_polls$1_0$237	security_keys_associate	PARAM_CALLER_WRITTEN	XSEG	2	0x117a	yes
Lsecurity_keys.security_keys_associate$short_address$1_0$237	security_keys_associate	FIRST_ARGUMENT_HOME	XSEG	2	0x117c	yes
Lsecurity_keys.broadcast$address$1_0$242	broadcast	FIRST_ARGUMENT_HOME	XSEG	2	0x117e	yes
Lsecurity_keys.outbound_broadcast$address$1_0$244	outbound_broadcast	FIRST_ARGUMENT_HOME	XSEG	2	0x1180	yes
Lsecurity_keys.aps_addressing$sending$1_0$248	aps_addressing	FIRST_ARGUMENT_HOME	XSEG	1	0x1182	yes
Lsecurity_keys.reused$material$1_0$250	reused	FIRST_ARGUMENT_HOME	XSEG	3	0x1183	yes
Lsecurity_keys.transport$i$1_0$254	transport	LOCAL	XSEG	1	0x1186	yes
Lsecurity_keys.adopt$slot$1_0$261	adopt	FIRST_ARGUMENT_HOME	XSEG	1	0x1187	yes
Lsecurity_keys.open_aps$length$1_0$277	open_aps	LOCAL	XSEG	1	0x1188	yes
Lsecurity_keys.open_aps$offset$1_0$277	open_aps	LOCAL	XSEG	1	0x1189	yes
Lsecurity_keys.security_keys_receive$length$1_0$280	security_keys_receive	PARAM_CALLER_WRITTEN	XSEG	2	0x118a	yes
Lsecurity_keys.security_keys_receive$output$1_0$280	security_keys_receive	PARAM_CALLER_WRITTEN	XSEG	3	0x118c	yes
Lsecurity_keys.security_keys_receive$event$1_0$280	security_keys_receive	PARAM_CALLER_WRITTEN	XSEG	3	0x118f	yes
Lsecurity_keys.security_keys_receive$limits$1_0$280	security_keys_receive	PARAM_CALLER_WRITTEN	XSEG	3	0x1192	yes
Lsecurity_keys.security_keys_receive$nv_polls$1_0$280	security_keys_receive	PARAM_CALLER_WRITTEN	XSEG	2	0x1195	yes
Lsecurity_keys.security_keys_receive$raw_npdu$1_0$280	security_keys_receive	FIRST_ARGUMENT_HOME	XSEG	3	0x1197	yes
Lsecurity_keys.security_keys_receive$r$1_1$283	security_keys_receive	LOCAL	XSEG	1	0x119a	yes
Lsecurity_keys.security_keys_receive$i$1_1$283	security_keys_receive	LOCAL	XSEG	1	0x119b	yes
Lsecurity_keys.seal$aps_secure$1_0$291	seal	FIRST_ARGUMENT_HOME	XSEG	1	0x119c	yes
Lsecurity_keys.seal$__1310720109$2_0$292	seal	INLINE_RETURN_HOME	XSEG	1	0x119d	yes
Lsecurity_keys.seal$offset$1_0$292	seal	LOCAL	XSEG	1	0x119e	yes
Lsecurity_keys.seal$slot$1_0$292	seal	LOCAL	XSEG	1	0x119f	yes
Lsecurity_keys.seal$__1966080106$3_0$293	seal	INLINE_RETURN_HOME	XSEG	1	0x11a0	yes
Lsecurity_keys.seal$domain$4_0$295	seal	LOCAL	XSEG	1	0x11a1	yes
Lsecurity_keys.seal$domain$3_0$298	seal	LOCAL	XSEG	1	0x11a2	yes
Lsecurity_keys.publish$capacity$1_0$300	publish	PARAM_CALLER_WRITTEN	XSEG	2	0x11a3	yes
Lsecurity_keys.publish$written$1_0$300	publish	PARAM_CALLER_WRITTEN	XSEG	3	0x11a5	yes
Lsecurity_keys.publish$out$1_0$300	publish	FIRST_ARGUMENT_HOME	XSEG	3	0x11a8	yes
Lsecurity_keys.command_packet$aps_counter$1_0$302	command_packet	PARAM_CALLER_WRITTEN	XSEG	1	0x11ab	yes
Lsecurity_keys.command_packet$nwk_seq$1_0$302	command_packet	FIRST_ARGUMENT_HOME	XSEG	1	0x11ac	yes
Lsecurity_keys.security_keys_request$aps_counter$1_0$304	security_keys_request	PARAM_CALLER_WRITTEN	XSEG	1	0x11ad	yes
Lsecurity_keys.security_keys_request$out$1_0$304	security_keys_request	PARAM_CALLER_WRITTEN	XSEG	3	0x11ae	yes
Lsecurity_keys.security_keys_request$capacity$1_0$304	security_keys_request	PARAM_CALLER_WRITTEN	XSEG	2	0x11b1	yes
Lsecurity_keys.security_keys_request$written$1_0$304	security_keys_request	PARAM_CALLER_WRITTEN	XSEG	3	0x11b3	yes
Lsecurity_keys.security_keys_request$limits$1_0$304	security_keys_request	PARAM_CALLER_WRITTEN	XSEG	3	0x11b6	yes
Lsecurity_keys.security_keys_request$nv_polls$1_0$304	security_keys_request	PARAM_CALLER_WRITTEN	XSEG	2	0x11b9	yes
Lsecurity_keys.security_keys_request$nwk_seq$1_0$304	security_keys_request	FIRST_ARGUMENT_HOME	XSEG	1	0x11bb	yes
Lsecurity_keys.security_keys_request$__1310720112$2_0$307	security_keys_request	INLINE_RETURN_HOME	XSEG	1	0x11bc	yes
Lsecurity_keys.security_keys_request$r$1_1$307	security_keys_request	LOCAL	XSEG	1	0x11bd	yes
Lsecurity_keys.security_keys_request$aps_secure$3_1$310	security_keys_request	LOCAL	XSEG	1	0x11be	yes
Lsecurity_keys.security_keys_request$__1310720109$4_1$311	security_keys_request	INLINE_RETURN_HOME	XSEG	1	0x11bf	yes
Lsecurity_keys.security_keys_request$offset$4_1$311	security_keys_request	LOCAL	XSEG	1	0x11c0	yes
Lsecurity_keys.security_keys_request$slot$4_1$311	security_keys_request	LOCAL	XSEG	1	0x11c1	yes
Lsecurity_keys.security_keys_request$__1966080106$5_1$312	security_keys_request	INLINE_RETURN_HOME	XSEG	1	0x11c2	yes
Lsecurity_keys.security_keys_request$domain$7_1$314	security_keys_request	LOCAL	XSEG	1	0x11c3	yes
Lsecurity_keys.security_keys_request$domain$6_1$317	security_keys_request	LOCAL	XSEG	1	0x11c4	yes
Lsecurity_keys.security_keys_verify$aps_counter$1_0$319	security_keys_verify	PARAM_CALLER_WRITTEN	XSEG	1	0x11c5	yes
Lsecurity_keys.security_keys_verify$out$1_0$319	security_keys_verify	PARAM_CALLER_WRITTEN	XSEG	3	0x11c6	yes
Lsecurity_keys.security_keys_verify$capacity$1_0$319	security_keys_verify	PARAM_CALLER_WRITTEN	XSEG	2	0x11c9	yes
Lsecurity_keys.security_keys_verify$written$1_0$319	security_keys_verify	PARAM_CALLER_WRITTEN	XSEG	3	0x11cb	yes
Lsecurity_keys.security_keys_verify$limits$1_0$319	security_keys_verify	PARAM_CALLER_WRITTEN	XSEG	3	0x11ce	yes
Lsecurity_keys.security_keys_verify$nv_polls$1_0$319	security_keys_verify	PARAM_CALLER_WRITTEN	XSEG	2	0x11d1	yes
Lsecurity_keys.security_keys_verify$nwk_seq$1_0$319	security_keys_verify	FIRST_ARGUMENT_HOME	XSEG	1	0x11d3	yes
Lsecurity_keys.security_keys_verify$__1310720115$2_0$322	security_keys_verify	INLINE_RETURN_HOME	XSEG	1	0x11d4	yes
Lsecurity_keys.security_keys_verify$r$1_1$322	security_keys_verify	LOCAL	XSEG	1	0x11d5	yes
Lsecurity_keys.security_keys_verify$aps_secure$3_1$325	security_keys_verify	LOCAL	XSEG	1	0x11d6	yes
Lsecurity_keys.security_keys_verify$__1310720109$4_1$326	security_keys_verify	INLINE_RETURN_HOME	XSEG	1	0x11d7	yes
Lsecurity_keys.security_keys_verify$offset$4_1$326	security_keys_verify	LOCAL	XSEG	1	0x11d8	yes
Lsecurity_keys.security_keys_verify$slot$4_1$326	security_keys_verify	LOCAL	XSEG	1	0x11d9	yes
Lsecurity_keys.security_keys_verify$__1966080106$5_1$327	security_keys_verify	INLINE_RETURN_HOME	XSEG	1	0x11da	yes
Lsecurity_keys.security_keys_verify$domain$7_1$329	security_keys_verify	LOCAL	XSEG	1	0x11db	yes
Lsecurity_keys.security_keys_verify$domain$6_1$332	security_keys_verify	LOCAL	XSEG	1	0x11dc	yes
Lsecurity_keys.security_keys_leave$out$1_0$334	security_keys_leave	PARAM_CALLER_WRITTEN	XSEG	3	0x11dd	yes
Lsecurity_keys.security_keys_leave$capacity$1_0$334	security_keys_leave	PARAM_CALLER_WRITTEN	XSEG	2	0x11e0	yes
Lsecurity_keys.security_keys_leave$written$1_0$334	security_keys_leave	PARAM_CALLER_WRITTEN	XSEG	3	0x11e2	yes
Lsecurity_keys.security_keys_leave$limits$1_0$334	security_keys_leave	PARAM_CALLER_WRITTEN	XSEG	3	0x11e5	yes
Lsecurity_keys.security_keys_leave$nv_polls$1_0$334	security_keys_leave	PARAM_CALLER_WRITTEN	XSEG	2	0x11e8	yes
Lsecurity_keys.security_keys_leave$nwk_seq$1_0$334	security_keys_leave	FIRST_ARGUMENT_HOME	XSEG	1	0x11ea	yes
Lsecurity_keys.security_keys_leave$r$1_1$337	security_keys_leave	LOCAL	XSEG	1	0x11eb	yes
Lsecurity_keys.security_keys_leave$__1966090118$3_1$338	security_keys_leave	INLINE_RETURN_HOME	XSEG	1	0x11ec	yes
Lsecurity_keys.security_keys_leave$aps_secure$4_1$341	security_keys_leave	LOCAL	XSEG	1	0x11ed	yes
Lsecurity_keys.security_keys_leave$__1310720109$5_1$342	security_keys_leave	INLINE_RETURN_HOME	XSEG	1	0x11ee	yes
Lsecurity_keys.security_keys_leave$offset$5_1$342	security_keys_leave	LOCAL	XSEG	1	0x11ef	yes
Lsecurity_keys.security_keys_leave$slot$5_1$342	security_keys_leave	LOCAL	XSEG	1	0x11f0	yes
Lsecurity_keys.security_keys_leave$__1966080106$6_1$343	security_keys_leave	INLINE_RETURN_HOME	XSEG	1	0x11f1	yes
Lsecurity_keys.security_keys_leave$domain$8_1$345	security_keys_leave	LOCAL	XSEG	1	0x11f2	yes
Lsecurity_keys.security_keys_leave$domain$7_1$348	security_keys_leave	LOCAL	XSEG	1	0x11f3	yes
Lsecurity_keys.security_keys_send$aps_secure$1_0$350	security_keys_send	PARAM_CALLER_WRITTEN	XSEG	1	0x11f4	yes
Lsecurity_keys.security_keys_send$out$1_0$350	security_keys_send	PARAM_CALLER_WRITTEN	XSEG	3	0x11f5	yes
Lsecurity_keys.security_keys_send$capacity$1_0$350	security_keys_send	PARAM_CALLER_WRITTEN	XSEG	2	0x11f8	yes
Lsecurity_keys.security_keys_send$written$1_0$350	security_keys_send	PARAM_CALLER_WRITTEN	XSEG	3	0x11fa	yes
Lsecurity_keys.security_keys_send$limits$1_0$350	security_keys_send	PARAM_CALLER_WRITTEN	XSEG	3	0x11fd	yes
Lsecurity_keys.security_keys_send$nv_polls$1_0$350	security_keys_send	PARAM_CALLER_WRITTEN	XSEG	2	0x1200	yes
Lsecurity_keys.security_keys_send$packet$1_0$350	security_keys_send	FIRST_ARGUMENT_HOME	XSEG	3	0x1202	yes
Lsecurity_keys.security_keys_send$__1310720121$2_0$353	security_keys_send	INLINE_RETURN_HOME	XSEG	1	0x1205	yes
Lsecurity_keys.security_keys_send$r$1_1$353	security_keys_send	LOCAL	XSEG	1	0x1206	yes
Lsecurity_keys.security_keys_send$transition$1_1$353	security_keys_send	LOCAL	XSEG	1	0x1207	yes
Lsecurity_keys.security_keys_send$aps_secure$3_1$362	security_keys_send	LOCAL	XSEG	1	0x1208	yes
Lsecurity_keys.security_keys_send$__1310720109$4_1$363	security_keys_send	INLINE_RETURN_HOME	XSEG	1	0x1209	yes
Lsecurity_keys.security_keys_send$offset$4_1$363	security_keys_send	LOCAL	XSEG	1	0x120a	yes
Lsecurity_keys.security_keys_send$slot$4_1$363	security_keys_send	LOCAL	XSEG	1	0x120b	yes
Lsecurity_keys.security_keys_send$__1966080106$5_1$364	security_keys_send	INLINE_RETURN_HOME	XSEG	1	0x120c	yes
Lsecurity_keys.security_keys_send$domain$7_1$366	security_keys_send	LOCAL	XSEG	1	0x120d	yes
Lsecurity_keys.security_keys_send$domain$6_1$369	security_keys_send	LOCAL	XSEG	1	0x120e	yes
Lsecurity_keys.security_keys_status$output$1_0$371	security_keys_status	FIRST_ARGUMENT_HOME	XSEG	3	0x120f	yes
Lsecurity_keys.security_keys_status$prior$1_1$374	security_keys_status	LOCAL	XSEG	1	0x1212	yes
Lmac_association.valid$ctx$1_0$140	valid	FIRST_ARGUMENT_HOME	XSEG	2	0x1213	yes
Lmac_association.mac_association_init$now$1_0$142	mac_association_init	PARAM_CALLER_WRITTEN	XSEG	4	0x1215	yes
Lmac_association.mac_association_init$ctx$1_0$142	mac_association_init	FIRST_ARGUMENT_HOME	XSEG	2	0x1219	yes
Lmac_association.mac_association_start$request$1_0$144	mac_association_start	PARAM_CALLER_WRITTEN	XSEG	2	0x121b	yes
Lmac_association.mac_association_start$now$1_0$144	mac_association_start	PARAM_CALLER_WRITTEN	XSEG	4	0x121d	yes
Lmac_association.mac_association_start$ctx$1_0$144	mac_association_start	FIRST_ARGUMENT_HOME	XSEG	2	0x1221	yes
Lmac_association.mac_association_step_rx$now$1_0$149	mac_association_step_rx	PARAM_CALLER_WRITTEN	XSEG	4	0x1223	yes
Lmac_association.mac_association_step_rx$event$1_0$149	mac_association_step_rx	PARAM_CALLER_WRITTEN	XSEG	2	0x1227	yes
Lmac_association.mac_association_step_rx$observation$1_0$149	mac_association_step_rx	PARAM_CALLER_WRITTEN	XSEG	2	0x1229	yes
Lmac_association.mac_association_step_rx$profile$1_0$149	mac_association_step_rx	PARAM_CALLER_WRITTEN	XSEG	1	0x122b	yes
Lmac_association.mac_association_step_rx$ctx$1_0$149	mac_association_step_rx	FIRST_ARGUMENT_HOME	XSEG	2	0x122c	yes
Lmac_association.mac_association_step_rx$command$1_1$152	mac_association_step_rx	LOCAL	XSEG	6	0x122e	yes
Lmac_association.mac_association_step_rx$decision$1_1$152	mac_association_step_rx	LOCAL	XSEG	1	0x1234	yes
Lmac_association.mac_association_step$now$1_0$157	mac_association_step	PARAM_CALLER_WRITTEN	XSEG	4	0x1235	yes
Lmac_association.mac_association_step$event$1_0$157	mac_association_step	PARAM_CALLER_WRITTEN	XSEG	2	0x1239	yes
Lmac_association.mac_association_step$observation$1_0$157	mac_association_step	PARAM_CALLER_WRITTEN	XSEG	2	0x123b	yes
Lmac_association.mac_association_step$ctx$1_0$157	mac_association_step	FIRST_ARGUMENT_HOME	XSEG	2	0x123d	yes
Lmac_association.mac_association_take$record$1_0$159	mac_association_take	PARAM_CALLER_WRITTEN	XSEG	2	0x123f	yes
Lmac_association.mac_association_take$ctx$1_0$159	mac_association_take	FIRST_ARGUMENT_HOME	XSEG	2	0x1241	yes
Lmac_poll.link_ram_span$size$1_0$140	link_ram_span	PARAM_CALLER_WRITTEN	XSEG	2	0x1243	yes
Lmac_poll.link_ram_span$p$1_0$140	link_ram_span	FIRST_ARGUMENT_HOME	XSEG	2	0x1245	yes
Lmac_poll.link_ram_disjoint$na$1_0$142	link_ram_disjoint	PARAM_CALLER_WRITTEN	XSEG	2	0x1247	yes
Lmac_poll.link_ram_disjoint$b$1_0$142	link_ram_disjoint	PARAM_CALLER_WRITTEN	XSEG	2	0x1249	yes
Lmac_poll.link_ram_disjoint$nb$1_0$142	link_ram_disjoint	PARAM_CALLER_WRITTEN	XSEG	2	0x124b	yes
Lmac_poll.link_ram_disjoint$a$1_0$142	link_ram_disjoint	FIRST_ARGUMENT_HOME	XSEG	2	0x124d	yes
Lmac_poll.poll_return$result$1_0$144	poll_return	FIRST_ARGUMENT_HOME	XSEG	1	0x124f	yes
Lmac_poll.reached$at$1_0$146	reached	PARAM_CALLER_WRITTEN	XSEG	4	0x1250	yes
Lmac_poll.reached$now$1_0$146	reached	FIRST_ARGUMENT_HOME	XSEG	4	0x1254	yes
Lmac_poll.address$bytes$1_0$148	address	PARAM_CALLER_WRITTEN	XSEG	3	0x1258	yes
Lmac_poll.address$mode$1_0$148	address	FIRST_ARGUMENT_HOME	XSEG	1	0x125b	yes
Lmac_poll.drain$reason$1_0$151	drain	FIRST_ARGUMENT_HOME	XSEG	1	0x125c	yes
Lmac_poll.fault$reason$1_0$155	fault	FIRST_ARGUMENT_HOME	XSEG	1	0x125d	yes
Lmac_poll.decide$cause$1_0$157	decide	PARAM_CALLER_WRITTEN	XSEG	1	0x125e	yes
Lmac_poll.decide$stamp$1_0$157	decide	PARAM_CALLER_WRITTEN	XSEG	4	0x125f	yes
Lmac_poll.decide$protocol$1_0$157	decide	FIRST_ARGUMENT_HOME	XSEG	1	0x1263	yes
Lmac_poll.accept_ack$tx$1_0$159	accept_ack	FIRST_ARGUMENT_HOME	XSEG	2	0x1264	yes
Lmac_poll.mac_poll_init$p$1_0$162	mac_poll_init	FIRST_ARGUMENT_HOME	XSEG	2	0x1266	yes
Lmac_poll.mac_poll_start$tx$1_0$165	mac_poll_start	PARAM_CALLER_WRITTEN	XSEG	2	0x1268	yes
Lmac_poll.mac_poll_start$request$1_0$165	mac_poll_start	PARAM_CALLER_WRITTEN	XSEG	2	0x126a	yes
Lmac_poll.mac_poll_start$now$1_0$165	mac_poll_start	PARAM_CALLER_WRITTEN	XSEG	4	0x126c	yes
Lmac_poll.mac_poll_start$p$1_0$165	mac_poll_start	FIRST_ARGUMENT_HOME	XSEG	2	0x1270	yes
Lmac_poll.mac_poll_start$command$1_1$168	mac_poll_start	LOCAL	XSEG	1	0x1272	yes
Lmac_poll.mac_poll_start$generation$1_1$168	mac_poll_start	LOCAL	XSEG	4	0x1273	yes
Lmac_poll.step$kind$1_0$170	step	LOCAL	XSEG	1	0x1277	yes
Lmac_poll.step$observation$1_0$170	step	LOCAL	XSEG	1	0x1278	yes
Lmac_poll.step$status$1_0$170	step	LOCAL	XSEG	1	0x1279	yes
Lmac_poll.step$unbound$1_0$170	step	LOCAL	XSEG	1	0x127a	yes
Lmac_poll.step$response$1_0$170	step	LOCAL	XSEG	1	0x127b	yes
Lmac_poll.step$remaining$1_0$170	step	LOCAL	XSEG	4	0x127c	yes
Lmac_poll.mac_poll_step$tx$1_0$199	mac_poll_step	PARAM_CALLER_WRITTEN	XSEG	2	0x1280	yes
Lmac_poll.mac_poll_step$now$1_0$199	mac_poll_step	PARAM_CALLER_WRITTEN	XSEG	4	0x1282	yes
Lmac_poll.mac_poll_step$event$1_0$199	mac_poll_step	PARAM_CALLER_WRITTEN	XSEG	2	0x1286	yes
Lmac_poll.mac_poll_step$action$1_0$199	mac_poll_step	PARAM_CALLER_WRITTEN	XSEG	2	0x1288	yes
Lmac_poll.mac_poll_step$p$1_0$199	mac_poll_step	FIRST_ARGUMENT_HOME	XSEG	2	0x128a	yes
Lmac_poll.mac_poll_step_rx$tx$1_0$202	mac_poll_step_rx	PARAM_CALLER_WRITTEN	XSEG	2	0x128c	yes
Lmac_poll.mac_poll_step_rx$now$1_0$202	mac_poll_step_rx	PARAM_CALLER_WRITTEN	XSEG	4	0x128e	yes
Lmac_poll.mac_poll_step_rx$event$1_0$202	mac_poll_step_rx	PARAM_CALLER_WRITTEN	XSEG	2	0x1292	yes
Lmac_poll.mac_poll_step_rx$action$1_0$202	mac_poll_step_rx	PARAM_CALLER_WRITTEN	XSEG	2	0x1294	yes
Lmac_poll.mac_poll_step_rx$profile$1_0$202	mac_poll_step_rx	PARAM_CALLER_WRITTEN	XSEG	1	0x1296	yes
Lmac_poll.mac_poll_step_rx$p$1_0$202	mac_poll_step_rx	FIRST_ARGUMENT_HOME	XSEG	2	0x1297	yes
Lmac_poll.mac_poll_take$record$1_0$205	mac_poll_take	PARAM_CALLER_WRITTEN	XSEG	2	0x1299	yes
Lmac_poll.mac_poll_take$p$1_0$205	mac_poll_take	FIRST_ARGUMENT_HOME	XSEG	2	0x129b	yes
Lmac_poll.mac_poll_release$tx$1_0$208	mac_poll_release	PARAM_CALLER_WRITTEN	XSEG	2	0x129d	yes
Lmac_poll.mac_poll_release$p$1_0$208	mac_poll_release	FIRST_ARGUMENT_HOME	XSEG	2	0x129f	yes
Lmac_join.link_ram_span$size$1_0$140	link_ram_span	PARAM_CALLER_WRITTEN	XSEG	2	0x12a1	yes
Lmac_join.link_ram_span$p$1_0$140	link_ram_span	FIRST_ARGUMENT_HOME	XSEG	2	0x12a3	yes
Lmac_join.link_ram_disjoint$na$1_0$142	link_ram_disjoint	PARAM_CALLER_WRITTEN	XSEG	2	0x12a5	yes
Lmac_join.link_ram_disjoint$b$1_0$142	link_ram_disjoint	PARAM_CALLER_WRITTEN	XSEG	2	0x12a7	yes
Lmac_join.link_ram_disjoint$nb$1_0$142	link_ram_disjoint	PARAM_CALLER_WRITTEN	XSEG	2	0x12a9	yes
Lmac_join.link_ram_disjoint$a$1_0$142	link_ram_disjoint	FIRST_ARGUMENT_HOME	XSEG	2	0x12ab	yes
Lmac_join.join_return$result$1_0$144	join_return	FIRST_ARGUMENT_HOME	XSEG	1	0x12ad	yes
Lmac_join.reached$b$1_0$146	reached	PARAM_CALLER_WRITTEN	XSEG	4	0x12ae	yes
Lmac_join.reached$a$1_0$146	reached	FIRST_ARGUMENT_HOME	XSEG	4	0x12b2	yes
Lmac_join.abort_attempt$reason$1_0$148	abort_attempt	FIRST_ARGUMENT_HOME	XSEG	1	0x12b6	yes
Lmac_join.fault$reason$1_0$153	fault	FIRST_ARGUMENT_HOME	XSEG	1	0x12b7	yes
Lmac_join.issue$kind$1_0$155	issue	FIRST_ARGUMENT_HOME	XSEG	1	0x12b8	yes
Lmac_join.mac_join_init$now$1_0$170	mac_join_init	PARAM_CALLER_WRITTEN	XSEG	4	0x12b9	yes
Lmac_join.mac_join_init$ctx$1_0$170	mac_join_init	FIRST_ARGUMENT_HOME	XSEG	2	0x12bd	yes
Lmac_join.mac_join_start$tx$1_0$173	mac_join_start	PARAM_CALLER_WRITTEN	XSEG	2	0x12bf	yes
Lmac_join.mac_join_start$request$1_0$173	mac_join_start	PARAM_CALLER_WRITTEN	XSEG	2	0x12c1	yes
Lmac_join.mac_join_start$now$1_0$173	mac_join_start	PARAM_CALLER_WRITTEN	XSEG	4	0x12c3	yes
Lmac_join.mac_join_start$ctx$1_0$173	mac_join_start	FIRST_ARGUMENT_HOME	XSEG	2	0x12c7	yes
Lmac_join.mac_join_start$generation$1_1$176	mac_join_start	LOCAL	XSEG	4	0x12c9	yes
Lmac_join.mac_join_step$tx$1_0$179	mac_join_step	PARAM_CALLER_WRITTEN	XSEG	2	0x12cd	yes
Lmac_join.mac_join_step$now$1_0$179	mac_join_step	PARAM_CALLER_WRITTEN	XSEG	4	0x12cf	yes
Lmac_join.mac_join_step$event$1_0$179	mac_join_step	PARAM_CALLER_WRITTEN	XSEG	2	0x12d3	yes
Lmac_join.mac_join_step$action$1_0$179	mac_join_step	PARAM_CALLER_WRITTEN	XSEG	2	0x12d5	yes
Lmac_join.mac_join_step$ctx$1_0$179	mac_join_step	FIRST_ARGUMENT_HOME	XSEG	2	0x12d7	yes
Lmac_join.mac_join_step$kind$1_1$182	mac_join_step	LOCAL	XSEG	1	0x12d9	yes
Lmac_join.mac_join_step$matched$1_1$182	mac_join_step	LOCAL	XSEG	1	0x12da	yes
Lmac_join.mac_join_step$before$1_1$182	mac_join_step	LOCAL	XSEG	1	0x12db	yes
Lmac_join.mac_join_take$record$1_0$233	mac_join_take	PARAM_CALLER_WRITTEN	XSEG	2	0x12dc	yes
Lmac_join.mac_join_take$ctx$1_0$233	mac_join_take	FIRST_ARGUMENT_HOME	XSEG	2	0x12de	yes
Lmac_join.mac_join_release$tx$1_0$236	mac_join_release	PARAM_CALLER_WRITTEN	XSEG	2	0x12e0	yes
Lmac_join.mac_join_release$ctx$1_0$236	mac_join_release	FIRST_ARGUMENT_HOME	XSEG	2	0x12e2	yes
Lzdo_node.read_le16$p$1_0$140	read_le16	FIRST_ARGUMENT_HOME	XSEG	3	0x12e4	yes
Lzdo_node.write_le16$value$1_0$142	write_le16	PARAM_CALLER_WRITTEN	XSEG	2	0x12e7	yes
Lzdo_node.write_le16$p$1_0$142	write_le16	FIRST_ARGUMENT_HOME	XSEG	3	0x12e9	yes
Lzdo_node.response_size$status$1_0$144	response_size	FIRST_ARGUMENT_HOME	XSEG	1	0x12ec	yes
Lzdo_node.descriptor_valid$d$1_0$147	descriptor_valid	FIRST_ARGUMENT_HOME	XSEG	3	0x12ed	yes
Lzdo_node.read_descriptor$d$1_0$149	read_descriptor	PARAM_CALLER_WRITTEN	XSEG	3	0x12f0	yes
Lzdo_node.read_descriptor$p$1_0$149	read_descriptor	FIRST_ARGUMENT_HOME	XSEG	3	0x12f3	yes
Lzdo_node.write_descriptor$p$1_0$151	write_descriptor	PARAM_CALLER_WRITTEN	XSEG	3	0x12f6	yes
Lzdo_node.write_descriptor$d$1_0$151	write_descriptor	FIRST_ARGUMENT_HOME	XSEG	3	0x12f9	yes
Lzdo_node.zdo_node_req_decode$size$1_0$153	zdo_node_req_decode	PARAM_CALLER_WRITTEN	XSEG	2	0x12fc	yes
Lzdo_node.zdo_node_req_decode$output$1_0$153	zdo_node_req_decode	PARAM_CALLER_WRITTEN	XSEG	3	0x12fe	yes
Lzdo_node.zdo_node_req_decode$body$1_0$153	zdo_node_req_decode	FIRST_ARGUMENT_HOME	XSEG	3	0x1301	yes
Lzdo_node.zdo_node_req_decode$candidate$1_1$155	zdo_node_req_decode	LOCAL	XSEG	4	0x1304	yes
Lzdo_node.zdo_node_req_encode$body$1_0$156	zdo_node_req_encode	PARAM_CALLER_WRITTEN	XSEG	3	0x1308	yes
Lzdo_node.zdo_node_req_encode$capacity$1_0$156	zdo_node_req_encode	PARAM_CALLER_WRITTEN	XSEG	2	0x130b	yes
Lzdo_node.zdo_node_req_encode$size$1_0$156	zdo_node_req_encode	PARAM_CALLER_WRITTEN	XSEG	3	0x130d	yes
Lzdo_node.zdo_node_req_encode$request$1_0$156	zdo_node_req_encode	FIRST_ARGUMENT_HOME	XSEG	3	0x1310	yes
Lzdo_node.zdo_node_rsp_decode$size$1_0$158	zdo_node_rsp_decode	PARAM_CALLER_WRITTEN	XSEG	2	0x1313	yes
Lzdo_node.zdo_node_rsp_decode$output$1_0$158	zdo_node_rsp_decode	PARAM_CALLER_WRITTEN	XSEG	3	0x1315	yes
Lzdo_node.zdo_node_rsp_decode$body$1_0$158	zdo_node_rsp_decode	FIRST_ARGUMENT_HOME	XSEG	3	0x1318	yes
Lzdo_node.zdo_node_rsp_encode$body$1_0$164	zdo_node_rsp_encode	PARAM_CALLER_WRITTEN	XSEG	3	0x131b	yes
Lzdo_node.zdo_node_rsp_encode$capacity$1_0$164	zdo_node_rsp_encode	PARAM_CALLER_WRITTEN	XSEG	2	0x131e	yes
Lzdo_node.zdo_node_rsp_encode$size$1_0$164	zdo_node_rsp_encode	PARAM_CALLER_WRITTEN	XSEG	3	0x1320	yes
Lzdo_node.zdo_node_rsp_encode$response$1_0$164	zdo_node_rsp_encode	FIRST_ARGUMENT_HOME	XSEG	3	0x1323	yes
Lzdo_srv.zdo_srv_handle$rx$1_0$140	zdo_srv_handle	PARAM_CALLER_WRITTEN	XSEG	3	0x1326	yes
Lzdo_srv.zdo_srv_handle$body$1_0$140	zdo_srv_handle	PARAM_CALLER_WRITTEN	XSEG	3	0x1329	yes
Lzdo_srv.zdo_srv_handle$length$1_0$140	zdo_srv_handle	PARAM_CALLER_WRITTEN	XSEG	2	0x132c	yes
Lzdo_srv.zdo_srv_handle$response$1_0$140	zdo_srv_handle	PARAM_CALLER_WRITTEN	XSEG	3	0x132e	yes
Lzdo_srv.zdo_srv_handle$capacity$1_0$140	zdo_srv_handle	PARAM_CALLER_WRITTEN	XSEG	2	0x1331	yes
Lzdo_srv.zdo_srv_handle$info$1_0$140	zdo_srv_handle	PARAM_CALLER_WRITTEN	XSEG	3	0x1333	yes
Lzdo_srv.zdo_srv_handle$local$1_0$140	zdo_srv_handle	FIRST_ARGUMENT_HOME	XSEG	3	0x1336	yes
Lzdo_srv.zdo_srv_handle$request$1_1$143	zdo_srv_handle	LOCAL	XSEG	4	0x1339	yes
Lzdo_srv.zdo_srv_handle$size$1_1$143	zdo_srv_handle	LOCAL	XSEG	1	0x133d	yes
Lnwk_beacon.nwk_beacon_decode$length$1_0$140	nwk_beacon_decode	PARAM_CALLER_WRITTEN	XSEG	2	0x133e	yes
Lnwk_beacon.nwk_beacon_decode$result$1_0$140	nwk_beacon_decode	PARAM_CALLER_WRITTEN	XSEG	3	0x1340	yes
Lnwk_beacon.nwk_beacon_decode$payload$1_0$140	nwk_beacon_decode	FIRST_ARGUMENT_HOME	XSEG	3	0x1343	yes
Lnwk_beacon.nwk_beacon_decode$any$1_1$143	nwk_beacon_decode	LOCAL	XSEG	1	0x1346	yes
Lnwk_beacon.nwk_beacon_decode$all$1_1$143	nwk_beacon_decode	LOCAL	XSEG	1	0x1347	yes
Lnwk_candidates.valid_mask$mask$1_0$140	valid_mask	FIRST_ARGUMENT_HOME	XSEG	4	0x1348	yes
Lnwk_candidates.valid_table$table$1_0$142	valid_table	FIRST_ARGUMENT_HOME	XSEG	3	0x134c	yes
Lnwk_candidates.nwk_candidates_init$channel_mask$1_0$144	nwk_candidates_init	PARAM_CALLER_WRITTEN	XSEG	4	0x134f	yes
Lnwk_candidates.nwk_candidates_init$table$1_0$144	nwk_candidates_init	FIRST_ARGUMENT_HOME	XSEG	3	0x1353	yes
Lnwk_candidates.same_identity$b$1_0$146	same_identity	PARAM_CALLER_WRITTEN	XSEG	3	0x1356	yes
Lnwk_candidates.same_identity$a$1_0$146	same_identity	FIRST_ARGUMENT_HOME	XSEG	3	0x1359	yes
Lnwk_candidates.nwk_candidates_consider$channel$1_0$148	nwk_candidates_consider	PARAM_CALLER_WRITTEN	XSEG	1	0x135c	yes
Lnwk_candidates.nwk_candidates_consider$crc_valid$1_0$148	nwk_candidates_consider	PARAM_CALLER_WRITTEN	XSEG	1	0x135d	yes
Lnwk_candidates.nwk_candidates_consider$body$1_0$148	nwk_candidates_consider	PARAM_CALLER_WRITTEN	XSEG	3	0x135e	yes
Lnwk_candidates.nwk_candidates_consider$length$1_0$148	nwk_candidates_consider	PARAM_CALLER_WRITTEN	XSEG	2	0x1361	yes
Lnwk_candidates.nwk_candidates_consider$table$1_0$148	nwk_candidates_consider	FIRST_ARGUMENT_HOME	XSEG	3	0x1363	yes
Lnwk_candidates.nwk_candidates_consider$i$1_1$151	nwk_candidates_consider	LOCAL	XSEG	1	0x1366	yes
Lnwk_candidates.nwk_candidates_get$index$1_0$157	nwk_candidates_get	PARAM_CALLER_WRITTEN	XSEG	1	0x1367	yes
Lnwk_candidates.nwk_candidates_get$result$1_0$157	nwk_candidates_get	PARAM_CALLER_WRITTEN	XSEG	3	0x1368	yes
Lnwk_candidates.nwk_candidates_get$table$1_0$157	nwk_candidates_get	FIRST_ARGUMENT_HOME	XSEG	3	0x136b	yes
Lnwk_parent.nwk_parent_select$policy$1_0$140	nwk_parent_select	PARAM_CALLER_WRITTEN	XSEG	3	0x136e	yes
Lnwk_parent.nwk_parent_select$output$1_0$140	nwk_parent_select	PARAM_CALLER_WRITTEN	XSEG	3	0x1371	yes
Lnwk_parent.nwk_parent_select$table$1_0$140	nwk_parent_select	FIRST_ARGUMENT_HOME	XSEG	3	0x1374	yes
Lnwk_parent.nwk_parent_select$updates$1_1$143	nwk_parent_select	LOCAL	XSEG	4	0x1377	yes
Lnwk_parent.nwk_parent_select$i$1_1$143	nwk_parent_select	LOCAL	XSEG	1	0x137b	yes
Lnwk_parent.nwk_parent_select$j$1_1$143	nwk_parent_select	LOCAL	XSEG	1	0x137c	yes
Lnwk_parent.nwk_parent_select$eligible$1_1$143	nwk_parent_select	LOCAL	XSEG	1	0x137d	yes
Lnwk_parent.nwk_parent_select$best$1_1$143	nwk_parent_select	LOCAL	XSEG	1	0x137e	yes
Lnwk_parent.nwk_parent_select$delta$1_1$143	nwk_parent_select	LOCAL	XSEG	1	0x137f	yes
Lnwk_parent.nwk_parent_select$dominates$1_1$143	nwk_parent_select	LOCAL	XSEG	1	0x1380	yes
Lnwk_parent.nwk_parent_select$any$1_1$143	nwk_parent_select	LOCAL	XSEG	1	0x1381	yes
Lnwk_parent.nwk_parent_select$all$1_1$143	nwk_parent_select	LOCAL	XSEG	1	0x1382	yes
Lmac_scan.reached$at$1_0$66	reached	PARAM_CALLER_WRITTEN	XSEG	4	0x1383	yes
Lmac_scan.reached$now$1_0$66	reached	FIRST_ARGUMENT_HOME	XSEG	4	0x1387	yes
Lmac_scan.valid$scan$1_0$68	valid	FIRST_ARGUMENT_HOME	XSEG	2	0x138b	yes
Lmac_scan.radio_state$state$1_0$70	radio_state	FIRST_ARGUMENT_HOME	XSEG	2	0x138d	yes
Lmac_scan.scan_state$channel$1_0$72	scan_state	PARAM_CALLER_WRITTEN	XSEG	1	0x138f	yes
Lmac_scan.scan_state$rx$1_0$72	scan_state	PARAM_CALLER_WRITTEN	XSEG	1	0x1390	yes
Lmac_scan.scan_state$state$1_0$72	scan_state	FIRST_ARGUMENT_HOME	XSEG	2	0x1391	yes
Lmac_scan.stop$reason$1_0$74	stop	PARAM_CALLER_WRITTEN	XSEG	1	0x1393	yes
Lmac_scan.stop$now$1_0$74	stop	PARAM_CALLER_WRITTEN	XSEG	4	0x1394	yes
Lmac_scan.stop$scan$1_0$74	stop	FIRST_ARGUMENT_HOME	XSEG	2	0x1398	yes
Lmac_scan.fault$reason$1_0$78	fault	PARAM_CALLER_WRITTEN	XSEG	1	0x139a	yes
Lmac_scan.fault$scan$1_0$78	fault	FIRST_ARGUMENT_HOME	XSEG	2	0x139b	yes
Lmac_scan.next_channel$now$1_0$80	next_channel	PARAM_CALLER_WRITTEN	XSEG	4	0x139d	yes
Lmac_scan.next_channel$scan$1_0$80	next_channel	FIRST_ARGUMENT_HOME	XSEG	2	0x13a1	yes
Lmac_scan.next_channel$bit$1_0$81	next_channel	LOCAL	XSEG	4	0x13a3	yes
Lmac_scan.mac_scan_init$scan$1_0$85	mac_scan_init	FIRST_ARGUMENT_HOME	XSEG	2	0x13a7	yes
Lmac_scan.mac_scan_start$tx$1_0$87	mac_scan_start	PARAM_CALLER_WRITTEN	XSEG	2	0x13a9	yes
Lmac_scan.mac_scan_start$request$1_0$87	mac_scan_start	PARAM_CALLER_WRITTEN	XSEG	2	0x13ab	yes
Lmac_scan.mac_scan_start$now$1_0$87	mac_scan_start	PARAM_CALLER_WRITTEN	XSEG	4	0x13ad	yes
Lmac_scan.mac_scan_start$scan$1_0$87	mac_scan_start	FIRST_ARGUMENT_HOME	XSEG	2	0x13b1	yes
Lmac_scan.mac_scan_start$dwell$1_0$88	mac_scan_start	LOCAL	XSEG	4	0x13b3	yes
Lmac_scan.mac_scan_step$tx$1_0$89	mac_scan_step	PARAM_CALLER_WRITTEN	XSEG	2	0x13b7	yes
Lmac_scan.mac_scan_step$now$1_0$89	mac_scan_step	PARAM_CALLER_WRITTEN	XSEG	4	0x13b9	yes
Lmac_scan.mac_scan_step$event$1_0$89	mac_scan_step	PARAM_CALLER_WRITTEN	XSEG	2	0x13bd	yes
Lmac_scan.mac_scan_step$action$1_0$89	mac_scan_step	PARAM_CALLER_WRITTEN	XSEG	2	0x13bf	yes
Lmac_scan.mac_scan_step$scan$1_0$89	mac_scan_step	FIRST_ARGUMENT_HOME	XSEG	2	0x13c1	yes
Lmac_scan.mac_scan_step$kind$1_0$90	mac_scan_step	LOCAL	XSEG	1	0x13c3	yes
Lmac_scan.mac_scan_step$candidate$1_0$90	mac_scan_step	LOCAL	XSEG	1	0x13c4	yes
Lmac_scan.mac_scan_step$bits$1_0$90	mac_scan_step	LOCAL	XSEG	4	0x13c5	yes
Lmac_scan.mac_scan_get$index$1_0$121	mac_scan_get	PARAM_CALLER_WRITTEN	XSEG	1	0x13c9	yes
Lmac_scan.mac_scan_get$result$1_0$121	mac_scan_get	PARAM_CALLER_WRITTEN	XSEG	2	0x13ca	yes
Lmac_scan.mac_scan_get$scan$1_0$121	mac_scan_get	FIRST_ARGUMENT_HOME	XSEG	2	0x13cc	yes
Lmac_scan.mac_scan_release$tx$1_0$123	mac_scan_release	PARAM_CALLER_WRITTEN	XSEG	2	0x13ce	yes
Lmac_scan.mac_scan_release$scan$1_0$123	mac_scan_release	FIRST_ARGUMENT_HOME	XSEG	2	0x13d0	yes
G$nwk_aps_keys$0_0$0	-	GLOBAL	XSEG	37	0x13d2	yes
Lnwk_aps.reached$until$1_0$144	reached	PARAM_CALLER_WRITTEN	XSEG	4	0x13f7	yes
Lnwk_aps.reached$now$1_0$144	reached	FIRST_ARGUMENT_HOME	XSEG	4	0x13fb	yes
Lnwk_aps.advance$now$1_0$146	advance	PARAM_CALLER_WRITTEN	XSEG	4	0x13ff	yes
Lnwk_aps.advance$ctx$1_0$146	advance	FIRST_ARGUMENT_HOME	XSEG	3	0x1403	yes
Lnwk_aps.nwk_aps_init$owner$1_0$148	nwk_aps_init	PARAM_CALLER_WRITTEN	XSEG	3	0x1406	yes
Lnwk_aps.nwk_aps_init$config$1_0$148	nwk_aps_init	PARAM_CALLER_WRITTEN	XSEG	3	0x1409	yes
Lnwk_aps.nwk_aps_init$now$1_0$148	nwk_aps_init	PARAM_CALLER_WRITTEN	XSEG	4	0x140c	yes
Lnwk_aps.nwk_aps_init$ctx$1_0$148	nwk_aps_init	FIRST_ARGUMENT_HOME	XSEG	3	0x1410	yes
Lnwk_aps.reserve$now$1_0$151	reserve	PARAM_CALLER_WRITTEN	XSEG	4	0x1413	yes
Lnwk_aps.reserve$aps$1_0$151	reserve	PARAM_CALLER_WRITTEN	XSEG	1	0x1417	yes
Lnwk_aps.reserve$ctx$1_0$151	reserve	FIRST_ARGUMENT_HOME	XSEG	3	0x1418	yes
Lnwk_aps.allocated$now$1_0$154	allocated	PARAM_CALLER_WRITTEN	XSEG	4	0x141b	yes
Lnwk_aps.allocated$aps$1_0$154	allocated	PARAM_CALLER_WRITTEN	XSEG	1	0x141f	yes
Lnwk_aps.allocated$ctx$1_0$154	allocated	FIRST_ARGUMENT_HOME	XSEG	3	0x1420	yes
Lnwk_aps.nwk_aps_queue$packet$1_0$158	nwk_aps_queue	PARAM_CALLER_WRITTEN	XSEG	3	0x1423	yes
Lnwk_aps.nwk_aps_queue$aps_secure$1_0$158	nwk_aps_queue	PARAM_CALLER_WRITTEN	XSEG	1	0x1426	yes
Lnwk_aps.nwk_aps_queue$now$1_0$158	nwk_aps_queue	PARAM_CALLER_WRITTEN	XSEG	4	0x1427	yes
Lnwk_aps.nwk_aps_queue$ctx$1_0$158	nwk_aps_queue	FIRST_ARGUMENT_HOME	XSEG	3	0x142b	yes
Lnwk_aps.nwk_aps_key_exchange$which$1_0$162	nwk_aps_key_exchange	PARAM_CALLER_WRITTEN	XSEG	1	0x142e	yes
Lnwk_aps.nwk_aps_key_exchange$now$1_0$162	nwk_aps_key_exchange	PARAM_CALLER_WRITTEN	XSEG	4	0x142f	yes
Lnwk_aps.nwk_aps_key_exchange$ctx$1_0$162	nwk_aps_key_exchange	FIRST_ARGUMENT_HOME	XSEG	3	0x1433	yes
Lnwk_aps.nwk_aps_complete$result$1_0$166	nwk_aps_complete	PARAM_CALLER_WRITTEN	XSEG	1	0x1436	yes
Lnwk_aps.nwk_aps_complete$ctx$1_0$166	nwk_aps_complete	FIRST_ARGUMENT_HOME	XSEG	3	0x1437	yes
Lnwk_aps.nwk_aps_complete$p$1_0$167	nwk_aps_complete	LOCAL	XSEG	3	0x143a	yes
Lnwk_aps.nwk_aps_broadcast_slot$source$1_0$169	nwk_aps_broadcast_slot	PARAM_CALLER_WRITTEN	XSEG	2	0x143d	yes
Lnwk_aps.nwk_aps_broadcast_slot$sequence$1_0$169	nwk_aps_broadcast_slot	PARAM_CALLER_WRITTEN	XSEG	1	0x143f	yes
Lnwk_aps.nwk_aps_broadcast_slot$now$1_0$169	nwk_aps_broadcast_slot	PARAM_CALLER_WRITTEN	XSEG	4	0x1440	yes
Lnwk_aps.nwk_aps_broadcast_slot$slot$1_0$169	nwk_aps_broadcast_slot	PARAM_CALLER_WRITTEN	XSEG	3	0x1444	yes
Lnwk_aps.nwk_aps_broadcast_slot$ctx$1_0$169	nwk_aps_broadcast_slot	FIRST_ARGUMENT_HOME	XSEG	3	0x1447	yes
Lnwk_aps.nwk_aps_broadcast_slot$entry$3_0$172	nwk_aps_broadcast_slot	LOCAL	XSEG	3	0x144a	yes
Lnwk_aps.nwk_aps_broadcast_put$slot$1_0$173	nwk_aps_broadcast_put	PARAM_CALLER_WRITTEN	XSEG	1	0x144d	yes
Lnwk_aps.nwk_aps_broadcast_put$source$1_0$173	nwk_aps_broadcast_put	PARAM_CALLER_WRITTEN	XSEG	2	0x144e	yes
Lnwk_aps.nwk_aps_broadcast_put$sequence$1_0$173	nwk_aps_broadcast_put	PARAM_CALLER_WRITTEN	XSEG	1	0x1450	yes
Lnwk_aps.nwk_aps_broadcast_put$now$1_0$173	nwk_aps_broadcast_put	PARAM_CALLER_WRITTEN	XSEG	4	0x1451	yes
Lnwk_aps.nwk_aps_broadcast_put$ctx$1_0$173	nwk_aps_broadcast_put	FIRST_ARGUMENT_HOME	XSEG	3	0x1455	yes
Lnwk_aps.nwk_aps_broadcast_put$entry$1_0$174	nwk_aps_broadcast_put	LOCAL	XSEG	3	0x1458	yes
Lnwk_aps.arm$action$1_0$175	arm	PARAM_CALLER_WRITTEN	XSEG	3	0x145b	yes
Lnwk_aps.arm$ctx$1_0$175	arm	FIRST_ARGUMENT_HOME	XSEG	3	0x145e	yes
Lnwk_aps.nwk_aps_armed$generation$1_0$177	nwk_aps_armed	PARAM_CALLER_WRITTEN	XSEG	4	0x1461	yes
Lnwk_aps.nwk_aps_armed$retry$1_0$177	nwk_aps_armed	PARAM_CALLER_WRITTEN	XSEG	1	0x1465	yes
Lnwk_aps.nwk_aps_armed$nb$1_0$177	nwk_aps_armed	PARAM_CALLER_WRITTEN	XSEG	1	0x1466	yes
Lnwk_aps.nwk_aps_armed$ctx$1_0$177	nwk_aps_armed	FIRST_ARGUMENT_HOME	XSEG	3	0x1467	yes
Lnwk_aps.nwk_aps_disarmed$generation$1_0$179	nwk_aps_disarmed	PARAM_CALLER_WRITTEN	XSEG	4	0x146a	yes
Lnwk_aps.nwk_aps_disarmed$retry$1_0$179	nwk_aps_disarmed	PARAM_CALLER_WRITTEN	XSEG	1	0x146e	yes
Lnwk_aps.nwk_aps_disarmed$nb$1_0$179	nwk_aps_disarmed	PARAM_CALLER_WRITTEN	XSEG	1	0x146f	yes
Lnwk_aps.nwk_aps_disarmed$ctx$1_0$179	nwk_aps_disarmed	FIRST_ARGUMENT_HOME	XSEG	3	0x1470	yes
Lnwk_aps.nwk_aps_step$now$1_0$181	nwk_aps_step	PARAM_CALLER_WRITTEN	XSEG	4	0x1473	yes
Lnwk_aps.nwk_aps_step$event$1_0$181	nwk_aps_step	PARAM_CALLER_WRITTEN	XSEG	3	0x1477	yes
Lnwk_aps.nwk_aps_step$action$1_0$181	nwk_aps_step	PARAM_CALLER_WRITTEN	XSEG	3	0x147a	yes
Lnwk_aps.nwk_aps_step$ctx$1_0$181	nwk_aps_step	FIRST_ARGUMENT_HOME	XSEG	3	0x147d	yes
Lnwk_aps.acknowledgment_matches$p$1_0$202	acknowledgment_matches	PARAM_CALLER_WRITTEN	XSEG	3	0x1480	yes
Lnwk_aps.acknowledgment_matches$ctx$1_0$202	acknowledgment_matches	FIRST_ARGUMENT_HOME	XSEG	3	0x1483	yes
Lnwk_aps.acknowledgment_matches$sent$1_0$203	acknowledgment_matches	LOCAL	XSEG	3	0x1486	yes
Lnwk_aps.acknowledgment$p$1_0$204	acknowledgment	PARAM_CALLER_WRITTEN	XSEG	3	0x1489	yes
Lnwk_aps.acknowledgment$secured$1_0$204	acknowledgment	PARAM_CALLER_WRITTEN	XSEG	1	0x148c	yes
Lnwk_aps.acknowledgment$ctx$1_0$204	acknowledgment	FIRST_ARGUMENT_HOME	XSEG	3	0x148d	yes
Lnwk_aps.acknowledgment$a$1_0$205	acknowledgment	LOCAL	XSEG	3	0x1490	yes
Lnwk_aps.nwk_aps_receive$npdu$1_0$207	nwk_aps_receive	PARAM_CALLER_WRITTEN	XSEG	3	0x1493	yes
Lnwk_aps.nwk_aps_receive$length$1_0$207	nwk_aps_receive	PARAM_CALLER_WRITTEN	XSEG	2	0x1496	yes
Lnwk_aps.nwk_aps_receive$now$1_0$207	nwk_aps_receive	PARAM_CALLER_WRITTEN	XSEG	4	0x1498	yes
Lnwk_aps.nwk_aps_receive$ctx$1_0$207	nwk_aps_receive	FIRST_ARGUMENT_HOME	XSEG	3	0x149c	yes
Lnwk_aps.nwk_aps_receive$result$1_1$210	nwk_aps_receive	LOCAL	XSEG	1	0x149f	yes
Lnwk_aps.nwk_aps_receive$event$1_1$210	nwk_aps_receive	LOCAL	XSEG	1	0x14a0	yes
Lnwk_aps.nwk_aps_receive$free_slot$1_1$210	nwk_aps_receive	LOCAL	XSEG	1	0x14a1	yes
Lnwk_aps.nwk_aps_receive$duplicate$1_1$210	nwk_aps_receive	LOCAL	XSEG	1	0x14a2	yes
Lnwk_aps.nwk_aps_receive$broadcast$1_1$210	nwk_aps_receive	LOCAL	XSEG	1	0x14a3	yes
Lnwk_aps.nwk_aps_receive$slot$1_1$210	nwk_aps_receive	LOCAL	XSEG	1	0x14a4	yes
Lnwk_aps.nwk_aps_receive$oldest$1_1$210	nwk_aps_receive	LOCAL	XSEG	1	0x14a5	yes
Lnwk_aps.nwk_aps_receive$p$1_1$210	nwk_aps_receive	LOCAL	XSEG	3	0x14a6	yes
Lnwk_aps.nwk_aps_receive$entry$3_1$224	nwk_aps_receive	LOCAL	XSEG	3	0x14a9	yes
Lnwk_aps.nwk_aps_take$packet$1_0$230	nwk_aps_take	PARAM_CALLER_WRITTEN	XSEG	3	0x14ac	yes
Lnwk_aps.nwk_aps_take$event$1_0$230	nwk_aps_take	PARAM_CALLER_WRITTEN	XSEG	3	0x14af	yes
Lnwk_aps.nwk_aps_take$ctx$1_0$230	nwk_aps_take	FIRST_ARGUMENT_HOME	XSEG	3	0x14b2	yes
Lnwk_aps.nwk_aps_confirm$result$1_0$232	nwk_aps_confirm	PARAM_CALLER_WRITTEN	XSEG	3	0x14b5	yes
Lnwk_aps.nwk_aps_confirm$ctx$1_0$232	nwk_aps_confirm	FIRST_ARGUMENT_HOME	XSEG	3	0x14b8	yes
Lnwk_aps.nwk_aps_cancel$now$1_0$234	nwk_aps_cancel	PARAM_CALLER_WRITTEN	XSEG	4	0x14bb	yes
Lnwk_aps.nwk_aps_cancel$ctx$1_0$234	nwk_aps_cancel	FIRST_ARGUMENT_HOME	XSEG	3	0x14bf	yes
Lnwk_aps.nwk_aps_stop$now$1_0$238	nwk_aps_stop	PARAM_CALLER_WRITTEN	XSEG	4	0x14c2	yes
Lnwk_aps.nwk_aps_stop$ctx$1_0$238	nwk_aps_stop	FIRST_ARGUMENT_HOME	XSEG	3	0x14c6	yes
Lnwk_aps_direct.nwk_aps_transmit$acknowledgment$1_0$144	nwk_aps_transmit	PARAM_CALLER_WRITTEN	XSEG	1	0x14c9	yes
Lnwk_aps_direct.nwk_aps_transmit$now$1_0$144	nwk_aps_transmit	PARAM_CALLER_WRITTEN	XSEG	4	0x14ca	yes
Lnwk_aps_direct.nwk_aps_transmit$ctx$1_0$144	nwk_aps_transmit	FIRST_ARGUMENT_HOME	XSEG	3	0x14ce	yes
Lnwk_aps_direct.nwk_aps_transmit$frame$1_1$147	nwk_aps_transmit	LOCAL	XSEG	3	0x14d1	yes
Lnwk_aps_direct.nwk_aps_transmit$p$1_1$147	nwk_aps_transmit	LOCAL	XSEG	3	0x14d4	yes
Lnwk_aps_direct.nwk_aps_transmit$secured$1_1$147	nwk_aps_transmit	LOCAL	XSEG	1	0x14d7	yes
Lnwk_aps_direct.nwk_aps_transmit$slot$1_1$147	nwk_aps_transmit	LOCAL	XSEG	1	0x14d8	yes
Lzdo_runtime.little$p$1_0$141	little	FIRST_ARGUMENT_HOME	XSEG	3	0x14d9	yes
Lzdo_runtime.expired$until$1_0$143	expired	PARAM_CALLER_WRITTEN	XSEG	4	0x14dc	yes
Lzdo_runtime.expired$now$1_0$143	expired	FIRST_ARGUMENT_HOME	XSEG	4	0x14e0	yes
Lzdo_runtime.advance$now$1_0$145	advance	PARAM_CALLER_WRITTEN	XSEG	4	0x14e4	yes
Lzdo_runtime.advance$context$1_0$145	advance	FIRST_ARGUMENT_HOME	XSEG	3	0x14e8	yes
Lzdo_runtime.base$destination$1_0$147	base	PARAM_CALLER_WRITTEN	XSEG	2	0x14eb	yes
Lzdo_runtime.base$cluster$1_0$147	base	PARAM_CALLER_WRITTEN	XSEG	2	0x14ed	yes
Lzdo_runtime.base$p$1_0$147	base	FIRST_ARGUMENT_HOME	XSEG	3	0x14ef	yes
Lzdo_runtime.zdo_runtime_init$descriptor$1_0$149	zdo_runtime_init	PARAM_CALLER_WRITTEN	XSEG	3	0x14f2	yes
Lzdo_runtime.zdo_runtime_init$now$1_0$149	zdo_runtime_init	PARAM_CALLER_WRITTEN	XSEG	4	0x14f5	yes
Lzdo_runtime.zdo_runtime_init$ctx$1_0$149	zdo_runtime_init	FIRST_ARGUMENT_HOME	XSEG	3	0x14f9	yes
Lzdo_runtime.zdo_runtime_init$length$1_1$152	zdo_runtime_init	LOCAL	XSEG	1	0x14fc	yes
Lzdo_runtime.zdo_runtime_request$transport$1_0$153	zdo_runtime_request	PARAM_CALLER_WRITTEN	XSEG	3	0x14fd	yes
Lzdo_runtime.zdo_runtime_request$which$1_0$153	zdo_runtime_request	PARAM_CALLER_WRITTEN	XSEG	1	0x1500	yes
Lzdo_runtime.zdo_runtime_request$now$1_0$153	zdo_runtime_request	PARAM_CALLER_WRITTEN	XSEG	4	0x1501	yes
Lzdo_runtime.zdo_runtime_request$ctx$1_0$153	zdo_runtime_request	FIRST_ARGUMENT_HOME	XSEG	3	0x1505	yes
Lzdo_runtime.address_request$packet$1_0$159	address_request	PARAM_CALLER_WRITTEN	XSEG	3	0x1508	yes
Lzdo_runtime.address_request$context$1_0$159	address_request	FIRST_ARGUMENT_HOME	XSEG	3	0x150b	yes
Lzdo_runtime.address_request$address$1_0$160	address_request	LOCAL	XSEG	2	0x150e	yes
Lzdo_runtime.announce$link$1_0$163	announce	PARAM_CALLER_WRITTEN	XSEG	3	0x1510	yes
Lzdo_runtime.announce$packet$1_0$163	announce	PARAM_CALLER_WRITTEN	XSEG	3	0x1513	yes
Lzdo_runtime.announce$context$1_0$163	announce	FIRST_ARGUMENT_HOME	XSEG	3	0x1516	yes
Lzdo_runtime.announce$found$1_0$164	announce	LOCAL	XSEG	1	0x1519	yes
Lzdo_runtime.announce$free_slot$1_0$164	announce	LOCAL	XSEG	1	0x151a	yes
Lzdo_runtime.announce$unknown$1_0$164	announce	LOCAL	XSEG	1	0x151b	yes
Lzdo_runtime.parent_response$link$1_0$171	parent_response	PARAM_CALLER_WRITTEN	XSEG	3	0x151c	yes
Lzdo_runtime.parent_response$context$1_0$171	parent_response	FIRST_ARGUMENT_HOME	XSEG	3	0x151f	yes
Lzdo_runtime.zdo_response$link$1_0$174	zdo_response	PARAM_CALLER_WRITTEN	XSEG	3	0x1522	yes
Lzdo_runtime.zdo_response$context$1_0$174	zdo_response	FIRST_ARGUMENT_HOME	XSEG	3	0x1525	yes
Lzdo_runtime.received$link$1_0$178	received	PARAM_CALLER_WRITTEN	XSEG	3	0x1528	yes
Lzdo_runtime.received$context$1_0$178	received	FIRST_ARGUMENT_HOME	XSEG	3	0x152b	yes
Lzdo_runtime.received$event$1_0$179	received	LOCAL	XSEG	1	0x152e	yes
Lzdo_runtime.zdo_runtime_step$transport$1_0$185	zdo_runtime_step	PARAM_CALLER_WRITTEN	XSEG	3	0x152f	yes
Lzdo_runtime.zdo_runtime_step$now$1_0$185	zdo_runtime_step	PARAM_CALLER_WRITTEN	XSEG	4	0x1532	yes
Lzdo_runtime.zdo_runtime_step$ctx$1_0$185	zdo_runtime_step	FIRST_ARGUMENT_HOME	XSEG	3	0x1536	yes
Lzdo_runtime.zdo_runtime_step$result$1_1$188	zdo_runtime_step	LOCAL	XSEG	1	0x1539	yes
Lzdo_runtime.zdo_runtime_step$rc$1_1$188	zdo_runtime_step	LOCAL	XSEG	1	0x153a	yes
Lzdo_runtime.zdo_runtime_cancel$transport$1_0$196	zdo_runtime_cancel	PARAM_CALLER_WRITTEN	XSEG	3	0x153b	yes
Lzdo_runtime.zdo_runtime_cancel$now$1_0$196	zdo_runtime_cancel	PARAM_CALLER_WRITTEN	XSEG	4	0x153e	yes
Lzdo_runtime.zdo_runtime_cancel$ctx$1_0$196	zdo_runtime_cancel	FIRST_ARGUMENT_HOME	XSEG	3	0x1542	yes
Lzdo_runtime.zdo_runtime_take_result$which$1_0$201	zdo_runtime_take_result	PARAM_CALLER_WRITTEN	XSEG	3	0x1545	yes
Lzdo_runtime.zdo_runtime_take_result$result$1_0$201	zdo_runtime_take_result	PARAM_CALLER_WRITTEN	XSEG	3	0x1548	yes
Lzdo_runtime.zdo_runtime_take_result$context$1_0$201	zdo_runtime_take_result	FIRST_ARGUMENT_HOME	XSEG	3	0x154b	yes
Lzdo_runtime.zdo_runtime_take_application$packet$1_0$203	zdo_runtime_take_application	PARAM_CALLER_WRITTEN	XSEG	3	0x154e	yes
Lzdo_runtime.zdo_runtime_take_application$context$1_0$203	zdo_runtime_take_application	FIRST_ARGUMENT_HOME	XSEG	3	0x1551	yes
Lzdo_runtime.zdo_runtime_discard_application$context$1_0$205	zdo_runtime_discard_application	FIRST_ARGUMENT_HOME	XSEG	3	0x1554	yes
Lzdo_runtime.zdo_runtime_broadcast$link$1_0$207	zdo_runtime_broadcast	PARAM_CALLER_WRITTEN	XSEG	3	0x1557	yes
Lzdo_runtime.zdo_runtime_broadcast$which$1_0$207	zdo_runtime_broadcast	PARAM_CALLER_WRITTEN	XSEG	1	0x155a	yes
Lzdo_runtime.zdo_runtime_broadcast$now$1_0$207	zdo_runtime_broadcast	PARAM_CALLER_WRITTEN	XSEG	4	0x155b	yes
Lzdo_runtime.zdo_runtime_broadcast$context$1_0$207	zdo_runtime_broadcast	FIRST_ARGUMENT_HOME	XSEG	3	0x155f	yes
Lzcl_sensor.value$entry$1_0$145	value	FIRST_ARGUMENT_HOME	XSEG	1	0x1562	yes
Lzcl_sensor.width$type$1_0$147	width	FIRST_ARGUMENT_HOME	XSEG	1	0x1563	yes
Lzcl_sensor.reporting$entry$1_0$149	reporting	FIRST_ARGUMENT_HOME	XSEG	1	0x1564	yes
Lzcl_sensor.emit$octet$1_0$157	emit	FIRST_ARGUMENT_HOME	XSEG	1	0x1565	yes
Lzcl_sensor.emit16$v$1_0$159	emit16	FIRST_ARGUMENT_HOME	XSEG	2	0x1566	yes
Lzcl_sensor.restore$entry$1_0$166	restore	FIRST_ARGUMENT_HOME	XSEG	1	0x1568	yes
Lzcl_sensor.reply$cluster$1_0$168	reply	FIRST_ARGUMENT_HOME	XSEG	2	0x1569	yes
Lzcl_sensor.statuses$command$1_0$175	statuses	FIRST_ARGUMENT_HOME	XSEG	1	0x156b	yes
Lzcl_sensor.write$n$1_0$178	write	LOCAL	XSEG	1	0x156c	yes
Lzcl_sensor.configure$n$1_0$185	configure	LOCAL	XSEG	1	0x156d	yes
Lzcl_sensor.specific$command$1_0$195	specific	FIRST_ARGUMENT_HOME	XSEG	1	0x156e	yes
Lzcl_sensor.due$entry$1_0$206	due	FIRST_ARGUMENT_HOME	XSEG	1	0x156f	yes
Lzcl_sensor.report$entry$1_0$209	report	LOCAL	XSEG	1	0x1570	yes
Lzcl_sensor.report$endpoint$1_0$209	report	LOCAL	XSEG	1	0x1571	yes
Fbdb_join$work$0_0$0	-	FILE_STATIC	XSEG	57	0x1572	yes
Lbdb_join.expired$until$1_0$142	expired	PARAM_CALLER_WRITTEN	XSEG	4	0x15ab	yes
Lbdb_join.expired$now$1_0$142	expired	FIRST_ARGUMENT_HOME	XSEG	4	0x15af	yes
Lbdb_join.bdb_join_advance$now$1_0$144	bdb_join_advance	PARAM_CALLER_WRITTEN	XSEG	4	0x15b3	yes
Lbdb_join.bdb_join_advance$ctx$1_0$144	bdb_join_advance	FIRST_ARGUMENT_HOME	XSEG	2	0x15b7	yes
Lbdb_join.fail$result$1_0$146	fail	PARAM_CALLER_WRITTEN	XSEG	1	0x15b9	yes
Lbdb_join.fail$ctx$1_0$146	fail	FIRST_ARGUMENT_HOME	XSEG	2	0x15ba	yes
Lbdb_join.scan_result$ctx$1_0$149	scan_result	FIRST_ARGUMENT_HOME	XSEG	2	0x15bc	yes
Lbdb_join.scanned$ctx$1_0$151	scanned	FIRST_ARGUMENT_HOME	XSEG	2	0x15be	yes
Lbdb_join.scanned$c$3_0$154	scanned	LOCAL	XSEG	3	0x15c0	yes
Lbdb_join.install$ctx$1_0$155	install	FIRST_ARGUMENT_HOME	XSEG	2	0x15c3	yes
Lbdb_join.finished$result$1_0$158	finished	PARAM_CALLER_WRITTEN	XSEG	3	0x15c5	yes
Lbdb_join.finished$ctx$1_0$158	finished	FIRST_ARGUMENT_HOME	XSEG	2	0x15c8	yes
Lbdb_join.runtime$ctx$1_0$160	runtime	FIRST_ARGUMENT_HOME	XSEG	2	0x15ca	yes
Lbdb_join.runtime$which$1_0$161	runtime	LOCAL	XSEG	1	0x15cc	yes
Lbdb_join.runtime$result$1_0$161	runtime	LOCAL	XSEG	1	0x15cd	yes
Lbdb_join.bdb_join_step$now$1_0$198	bdb_join_step	PARAM_CALLER_WRITTEN	XSEG	4	0x15ce	yes
Lbdb_join.bdb_join_step$event$1_0$198	bdb_join_step	PARAM_CALLER_WRITTEN	XSEG	2	0x15d2	yes
Lbdb_join.bdb_join_step$action$1_0$198	bdb_join_step	PARAM_CALLER_WRITTEN	XSEG	2	0x15d4	yes
Lbdb_join.bdb_join_step$ctx$1_0$198	bdb_join_step	FIRST_ARGUMENT_HOME	XSEG	2	0x15d6	yes
Lbdb_join.bdb_join_step$result$1_0$199	bdb_join_step	LOCAL	XSEG	1	0x15d8	yes
Lbdb_join.bdb_join_step$outcome$1_0$199	bdb_join_step	LOCAL	XSEG	1	0x15d9	yes
Lbdb_join.bdb_join_step$which$1_0$199	bdb_join_step	LOCAL	XSEG	1	0x15da	yes
Lbdb_join.bdb_join_step$handled$1_0$199	bdb_join_step	LOCAL	XSEG	1	0x15db	yes
Lbdb_join.bdb_join_step$ignored$1_0$199	bdb_join_step	LOCAL	XSEG	1	0x15dc	yes
Lbdb_join.bdb_join_step$pending$1_0$199	bdb_join_step	LOCAL	XSEG	1	0x15dd	yes
Lbdb_join.bdb_join_receive$body$1_0$241	bdb_join_receive	PARAM_CALLER_WRITTEN	XSEG	3	0x15de	yes
Lbdb_join.bdb_join_receive$length$1_0$241	bdb_join_receive	PARAM_CALLER_WRITTEN	XSEG	2	0x15e1	yes
Lbdb_join.bdb_join_receive$crc_valid$1_0$241	bdb_join_receive	PARAM_CALLER_WRITTEN	XSEG	1	0x15e3	yes
Lbdb_join.bdb_join_receive$now$1_0$241	bdb_join_receive	PARAM_CALLER_WRITTEN	XSEG	4	0x15e4	yes
Lbdb_join.bdb_join_receive$ctx$1_0$241	bdb_join_receive	FIRST_ARGUMENT_HOME	XSEG	2	0x15e8	yes
Lbdb_join.bdb_join_send$packet$1_0$245	bdb_join_send	PARAM_CALLER_WRITTEN	XSEG	3	0x15ea	yes
Lbdb_join.bdb_join_send$aps_secure$1_0$245	bdb_join_send	PARAM_CALLER_WRITTEN	XSEG	1	0x15ed	yes
Lbdb_join.bdb_join_send$now$1_0$245	bdb_join_send	PARAM_CALLER_WRITTEN	XSEG	4	0x15ee	yes
Lbdb_join.bdb_join_send$ctx$1_0$245	bdb_join_send	FIRST_ARGUMENT_HOME	XSEG	2	0x15f2	yes
Lbdb_join.bdb_join_confirm$result$1_0$247	bdb_join_confirm	PARAM_CALLER_WRITTEN	XSEG	3	0x15f4	yes
Lbdb_join.bdb_join_confirm$ctx$1_0$247	bdb_join_confirm	FIRST_ARGUMENT_HOME	XSEG	2	0x15f7	yes
Lbdb_join.bdb_join_armed$generation$1_0$249	bdb_join_armed	PARAM_CALLER_WRITTEN	XSEG	4	0x15f9	yes
Lbdb_join.bdb_join_armed$retry$1_0$249	bdb_join_armed	PARAM_CALLER_WRITTEN	XSEG	1	0x15fd	yes
Lbdb_join.bdb_join_armed$nb$1_0$249	bdb_join_armed	PARAM_CALLER_WRITTEN	XSEG	1	0x15fe	yes
Lbdb_join.bdb_join_armed$ctx$1_0$249	bdb_join_armed	FIRST_ARGUMENT_HOME	XSEG	2	0x15ff	yes
Lbdb_join.bdb_join_disarmed$generation$1_0$251	bdb_join_disarmed	PARAM_CALLER_WRITTEN	XSEG	4	0x1601	yes
Lbdb_join.bdb_join_disarmed$retry$1_0$251	bdb_join_disarmed	PARAM_CALLER_WRITTEN	XSEG	1	0x1605	yes
Lbdb_join.bdb_join_disarmed$nb$1_0$251	bdb_join_disarmed	PARAM_CALLER_WRITTEN	XSEG	1	0x1606	yes
Lbdb_join.bdb_join_disarmed$ctx$1_0$251	bdb_join_disarmed	FIRST_ARGUMENT_HOME	XSEG	2	0x1607	yes
Lbdb_join_init.bdb_join_init$now$1_0$142	bdb_join_init	PARAM_CALLER_WRITTEN	XSEG	4	0x1609	yes
Lbdb_join_init.bdb_join_init$ctx$1_0$142	bdb_join_init	FIRST_ARGUMENT_HOME	XSEG	2	0x160d	yes
Lbdb_join_init.bdb_join_runtime_init$owner$1_0$144	bdb_join_runtime_init	PARAM_CALLER_WRITTEN	XSEG	2	0x160f	yes
Lbdb_join_init.bdb_join_runtime_init$config$1_0$144	bdb_join_runtime_init	PARAM_CALLER_WRITTEN	XSEG	3	0x1611	yes
Lbdb_join_init.bdb_join_runtime_init$now$1_0$144	bdb_join_runtime_init	PARAM_CALLER_WRITTEN	XSEG	4	0x1614	yes
Lbdb_join_init.bdb_join_runtime_init$ctx$1_0$144	bdb_join_runtime_init	FIRST_ARGUMENT_HOME	XSEG	2	0x1618	yes
Lbdb_join_init.bdb_join_start$owner$1_0$146	bdb_join_start	PARAM_CALLER_WRITTEN	XSEG	2	0x161a	yes
Lbdb_join_init.bdb_join_start$config$1_0$146	bdb_join_start	PARAM_CALLER_WRITTEN	XSEG	3	0x161c	yes
Lbdb_join_init.bdb_join_start$now$1_0$146	bdb_join_start	PARAM_CALLER_WRITTEN	XSEG	4	0x161f	yes
Lbdb_join_init.bdb_join_start$ctx$1_0$146	bdb_join_start	FIRST_ARGUMENT_HOME	XSEG	2	0x1623	yes
Lbdb_join_init.bdb_join_discovered_config$ctx$1_0$148	bdb_join_discovered_config	FIRST_ARGUMENT_HOME	XSEG	2	0x1625	yes
Lbdb_join_init.bdb_join_provision_discovered$ctx$1_0$150	bdb_join_provision_discovered	FIRST_ARGUMENT_HOME	XSEG	2	0x1627	yes
Lmac_link_driver.reached$at$1_0$190	reached	PARAM_CALLER_WRITTEN	XSEG	4	0x1629	yes
Lmac_link_driver.reached$now$1_0$190	reached	FIRST_ARGUMENT_HOME	XSEG	4	0x162d	yes
Lmac_link_driver.overlaps$n$1_0$192	overlaps	PARAM_CALLER_WRITTEN	XSEG	2	0x1631	yes
Lmac_link_driver.overlaps$b$1_0$192	overlaps	PARAM_CALLER_WRITTEN	XSEG	2	0x1633	yes
Lmac_link_driver.overlaps$m$1_0$192	overlaps	PARAM_CALLER_WRITTEN	XSEG	2	0x1635	yes
Lmac_link_driver.overlaps$a$1_0$192	overlaps	FIRST_ARGUMENT_HOME	XSEG	2	0x1637	yes
Lmac_link_driver.fault$why$1_0$194	fault	PARAM_CALLER_WRITTEN	XSEG	1	0x1639	yes
Lmac_link_driver.fault$d$1_0$194	fault	FIRST_ARGUMENT_HOME	XSEG	2	0x163a	yes
Lmac_link_driver.sample$d$1_0$196	sample	FIRST_ARGUMENT_HOME	XSEG	2	0x163c	yes
Lmac_link_driver.consume$d$1_0$200	consume	FIRST_ARGUMENT_HOME	XSEG	2	0x163e	yes
Lmac_link_driver.consumer$event$1_0$203	consumer	PARAM_CALLER_WRITTEN	XSEG	1	0x1640	yes
Lmac_link_driver.consumer$d$1_0$203	consumer	FIRST_ARGUMENT_HOME	XSEG	2	0x1641	yes
Lmac_link_driver.scan_event$kind$1_0$206	scan_event	PARAM_CALLER_WRITTEN	XSEG	1	0x1643	yes
Lmac_link_driver.scan_event$d$1_0$206	scan_event	FIRST_ARGUMENT_HOME	XSEG	2	0x1644	yes
Lmac_link_driver.join_event$kind$1_0$208	join_event	PARAM_CALLER_WRITTEN	XSEG	1	0x1646	yes
Lmac_link_driver.join_event$d$1_0$208	join_event	FIRST_ARGUMENT_HOME	XSEG	2	0x1647	yes
Lmac_link_driver.observe$d$1_0$210	observe	FIRST_ARGUMENT_HOME	XSEG	2	0x1649	yes
Lmac_link_driver.observe$o$1_0$211	observe	LOCAL	XSEG	2	0x164b	yes
Lmac_link_driver.observe$type$1_0$211	observe	LOCAL	XSEG	1	0x164d	yes
Lmac_link_driver.observe$crc$1_0$211	observe	LOCAL	XSEG	1	0x164e	yes
Lmac_link_driver.observe$stage$1_0$211	observe	LOCAL	XSEG	1	0x164f	yes
Lmac_link_driver.close_off$d$1_0$224	close_off	FIRST_ARGUMENT_HOME	XSEG	2	0x1650	yes
Lmac_link_driver.close_off$phase$1_0$225	close_off	LOCAL	XSEG	1	0x1652	yes
Lmac_link_driver.mac_link_driver_init$join$1_0$229	mac_link_driver_init	PARAM_CALLER_WRITTEN	XSEG	2	0x1653	yes
Lmac_link_driver.mac_link_driver_init$initial$1_0$229	mac_link_driver_init	PARAM_CALLER_WRITTEN	XSEG	2	0x1655	yes
Lmac_link_driver.mac_link_driver_init$timeout$1_0$229	mac_link_driver_init	PARAM_CALLER_WRITTEN	XSEG	4	0x1657	yes
Lmac_link_driver.mac_link_driver_init$limit$1_0$229	mac_link_driver_init	PARAM_CALLER_WRITTEN	XSEG	2	0x165b	yes
Lmac_link_driver.mac_link_driver_init$d$1_0$229	mac_link_driver_init	FIRST_ARGUMENT_HOME	XSEG	2	0x165d	yes
Lmac_link_driver.mac_link_driver_random$generation$1_0$231	mac_link_driver_random	PARAM_CALLER_WRITTEN	XSEG	4	0x165f	yes
Lmac_link_driver.mac_link_driver_random$retry$1_0$231	mac_link_driver_random	PARAM_CALLER_WRITTEN	XSEG	1	0x1663	yes
Lmac_link_driver.mac_link_driver_random$nb$1_0$231	mac_link_driver_random	PARAM_CALLER_WRITTEN	XSEG	1	0x1664	yes
Lmac_link_driver.mac_link_driver_random$byte$1_0$231	mac_link_driver_random	PARAM_CALLER_WRITTEN	XSEG	1	0x1665	yes
Lmac_link_driver.mac_link_driver_random$d$1_0$231	mac_link_driver_random	FIRST_ARGUMENT_HOME	XSEG	2	0x1666	yes
Lmac_link_driver.mac_link_driver_step$d$1_0$233	mac_link_driver_step	FIRST_ARGUMENT_HOME	XSEG	2	0x1668	yes
Lmac_link_driver.mac_link_driver_step$kind$1_0$234	mac_link_driver_step	LOCAL	XSEG	1	0x166a	yes
Lmac_link_driver.mac_link_driver_step$child$1_0$234	mac_link_driver_step	LOCAL	XSEG	1	0x166b	yes
Lmac_link_driver.mac_link_driver_step$ready$1_0$234	mac_link_driver_step	LOCAL	XSEG	1	0x166c	yes
Lmac_link_driver.mac_link_driver_step$rx$1_0$234	mac_link_driver_step	LOCAL	XSEG	1	0x166d	yes
Lmac_link_driver.mac_link_driver_step$restored$1_0$234	mac_link_driver_step	LOCAL	XSEG	1	0x166e	yes
Lmac_link_driver.mac_link_driver_step$phase$1_0$234	mac_link_driver_step	LOCAL	XSEG	1	0x166f	yes
Lmac_link_driver.mac_link_driver_step$tx_result$1_0$234	mac_link_driver_step	LOCAL	XSEG	1	0x1670	yes
Lmac_link_driver.mac_link_driver_step$tx_cancel$1_0$234	mac_link_driver_step	LOCAL	XSEG	1	0x1671	yes
G$join_smoke_device$0_0$0	-	GLOBAL	XSEG	1313	0x1672	yes
G$join_smoke_tx$0_0$0	-	GLOBAL	XSEG	180	0x1b93	yes
G$join_smoke_phase$0_0$0	-	GLOBAL	XSEG	305	0x1c47	yes
G$join_smoke_initial$0_0$0	-	GLOBAL	XSEG	14	0x1d78	yes
G$join_smoke_clock$0_0$0	-	GLOBAL	XSEG	6	0x1d86	yes
G$join_smoke_draws$0_0$0	-	GLOBAL	XSEG	64	0x1d8c	yes
G$join_smoke_mailbox$0_0$0	-	GLOBAL	XSEG	8	0x1dcc	yes
Fjoin_smoke$initialized$0_0$0	-	FILE_STATIC	XSEG	1	0x1dd4	yes
Fjoin_smoke$gate$0_0$0	-	FILE_STATIC	XSEG	1	0x1dd5	yes
Fjoin_smoke$i$0_0$0	-	FILE_STATIC	XSEG	1	0x1dd6	yes
Fjoin_smoke$scratch$0_0$0	-	FILE_STATIC	XSEG	10	0x1dd7	yes
Fjoin_smoke$admission$0_0$0	-	FILE_STATIC	XSEG	2	0x1de1	yes
Fjoin_smoke$started$0_0$0	-	FILE_STATIC	XSEG	4	0x1de3	yes
Fjoin_smoke$previous$0_0$0	-	FILE_STATIC	XSEG	4	0x1de7	yes
Fjoin_smoke$now$0_0$0	-	FILE_STATIC	XSEG	4	0x1deb	yes
Fjoin_smoke$elapsed$0_0$0	-	FILE_STATIC	XSEG	4	0x1def	yes
Fjoin_smoke$steps$0_0$0	-	FILE_STATIC	XSEG	4	0x1df3	yes
Fjoin_smoke$diagnostic$0_0$0	-	FILE_STATIC	XSEG	2	0x1df7	yes
Fjoin_smoke$observation$0_0$0	-	FILE_STATIC	XSEG	2	0x1df9	yes
Ljoin_smoke.fault$reason$1_0$207	fault	FIRST_ARGUMENT_HOME	XSEG	1	0x1dfb	yes
